ECQAW|22..26|NP_071365|Homo sapiens (human)
EAGIV|61..65|NP_071365|Homo sapiens (human)
EKVIL|90..94|NP_071365|Homo sapiens (human)
EKDLI|208..212|NP_071365|Homo sapiens (human)
ESVVF|337..341|NP_071365|Homo sapiens (human)
ECQAW|33..37|NP_898984|Mus musculus (house mouse)
EAGIV|72..76|NP_898984|Mus musculus (house mouse)
EKVIL|101..105|NP_898984|Mus musculus (house mouse)
EKDLV|219..223|NP_898984|Mus musculus (house mouse)
ECQVW|22..26|NP_001093848|Bos taurus (cattle)
EAGVV|61..65|NP_001093848|Bos taurus (cattle)
EKVIL|90..94|NP_001093848|Bos taurus (cattle)
DLILA|227..231|NP_001093848|Bos taurus (cattle)
ECQLW|33..37|NP_001102083|Rattus norvegicus (Norway rat)
EAGIV|72..76|NP_001102083|Rattus norvegicus (Norway rat)
EKVIL|101..105|NP_001102083|Rattus norvegicus (Norway rat)
EKDLV|219..223|NP_001102083|Rattus norvegicus (Norway rat)
ECQAW|22..26|NP_071365|Homo sapiens (human)
EAGIV|61..65|NP_071365|Homo sapiens (human)
EKVIL|90..94|NP_071365|Homo sapiens (human)
EKDLI|208..212|NP_071365|Homo sapiens (human)
ESVVF|337..341|NP_071365|Homo sapiens (human)
ECQAW|33..37|NP_898984|Mus musculus (house mouse)
EAGIV|72..76|NP_898984|Mus musculus (house mouse)
EKVIL|101..105|NP_898984|Mus musculus (house mouse)
EKDLV|219..223|NP_898984|Mus musculus (house mouse)
ECRAW|40..44|NP_001006292|Gallus gallus (chicken)
EKVLL|108..112|NP_001006292|Gallus gallus (chicken)
ESVFY|202..206|NP_001006292|Gallus gallus (chicken)
EKDLV|226..230|NP_001006292|Gallus gallus (chicken)
DSAYI|448..452|NP_001006292|Gallus gallus (chicken)
ECQVW|22..26|NP_001093848|Bos taurus (cattle)
EAGVV|61..65|NP_001093848|Bos taurus (cattle)
EKVIL|90..94|NP_001093848|Bos taurus (cattle)
DLILA|227..231|NP_001093848|Bos taurus (cattle)
ECQLW|33..37|NP_001102083|Rattus norvegicus (Norway rat)
EAGIV|72..76|NP_001102083|Rattus norvegicus (Norway rat)
EKVIL|101..105|NP_001102083|Rattus norvegicus (Norway rat)
EKDLV|219..223|NP_001102083|Rattus norvegicus (Norway rat)
ECQAW|22..26|NP_071365|Homo sapiens (human)
EAGIV|61..65|NP_071365|Homo sapiens (human)
EKVIL|90..94|NP_071365|Homo sapiens (human)
EKDLI|208..212|NP_071365|Homo sapiens (human)
ESVVF|337..341|NP_071365|Homo sapiens (human)
ECQAW|33..37|NP_898984|Mus musculus (house mouse)
EAGIV|72..76|NP_898984|Mus musculus (house mouse)
EKVIL|101..105|NP_898984|Mus musculus (house mouse)
EKDLV|219..223|NP_898984|Mus musculus (house mouse)
ECRAW|40..44|NP_001006292|Gallus gallus (chicken)
EKVLL|108..112|NP_001006292|Gallus gallus (chicken)
ESVFY|202..206|NP_001006292|Gallus gallus (chicken)
EKDLV|226..230|NP_001006292|Gallus gallus (chicken)
DSAYI|448..452|NP_001006292|Gallus gallus (chicken)
ECQVW|22..26|NP_001093848|Bos taurus (cattle)
EAGVV|61..65|NP_001093848|Bos taurus (cattle)
EKVIL|90..94|NP_001093848|Bos taurus (cattle)
DLILA|227..231|NP_001093848|Bos taurus (cattle)
ECQLW|33..37|NP_001102083|Rattus norvegicus (Norway rat)
EAGIV|72..76|NP_001102083|Rattus norvegicus (Norway rat)
EKVIL|101..105|NP_001102083|Rattus norvegicus (Norway rat)
EKDLV|219..223|NP_001102083|Rattus norvegicus (Norway rat)
ECQAW|22..26|NP_071365|Homo sapiens (human)
EAGIV|61..65|NP_071365|Homo sapiens (human)
EKVIL|90..94|NP_071365|Homo sapiens (human)
EKDLI|208..212|NP_071365|Homo sapiens (human)
ESVVF|337..341|NP_071365|Homo sapiens (human)
ECQAW|33..37|NP_898984|Mus musculus (house mouse)
EAGIV|72..76|NP_898984|Mus musculus (house mouse)
EKVIL|101..105|NP_898984|Mus musculus (house mouse)
EKDLV|219..223|NP_898984|Mus musculus (house mouse)
ECRAW|40..44|NP_001006292|Gallus gallus (chicken)
EKVLL|108..112|NP_001006292|Gallus gallus (chicken)
ESVFY|202..206|NP_001006292|Gallus gallus (chicken)
EKDLV|226..230|NP_001006292|Gallus gallus (chicken)
DSAYI|448..452|NP_001006292|Gallus gallus (chicken)
ECQVW|22..26|NP_001093848|Bos taurus (cattle)
EAGVV|61..65|NP_001093848|Bos taurus (cattle)
EKVIL|90..94|NP_001093848|Bos taurus (cattle)
DLILA|227..231|NP_001093848|Bos taurus (cattle)
ECQLW|33..37|NP_001102083|Rattus norvegicus (Norway rat)
EAGIV|72..76|NP_001102083|Rattus norvegicus (Norway rat)
EKVIL|101..105|NP_001102083|Rattus norvegicus (Norway rat)
EKDLV|219..223|NP_001102083|Rattus norvegicus (Norway rat)
ETGLF|6..10|XP_001336574|Danio rerio (zebrafish)
DVPFI|15..19|XP_001336574|Danio rerio (zebrafish)
ETGMV|84..88|XP_001336574|Danio rerio (zebrafish)
ERVLL|113..117|XP_001336574|Danio rerio (zebrafish)
ERGLL|174..178|XP_001336574|Danio rerio (zebrafish)
DSLWI|237..241|XP_001336574|Danio rerio (zebrafish)
EPSVW|260..264|XP_001336574|Danio rerio (zebrafish)
EPEII|454..458|XP_001336574|Danio rerio (zebrafish)
ECRVW|34..38|XP_002198570|Taeniopygia guttata (zebra finch)
EKVLL|102..106|XP_002198570|Taeniopygia guttata (zebra finch)
ESVFY|196..200|XP_002198570|Taeniopygia guttata (zebra finch)
DSVYV|442..446|XP_002198570|Taeniopygia guttata (zebra finch)
ECQAW|22..26|XP_003932711|Saimiri boliviensis boliviensis (Bolivian squirrel monkey)
EAGIV|61..65|XP_003932711|Saimiri boliviensis boliviensis (Bolivian squirrel monkey)
EKVIL|90..94|XP_003932711|Saimiri boliviensis boliviensis (Bolivian squirrel monkey)
EKDLV|208..212|XP_003932711|Saimiri boliviensis boliviensis (Bolivian squirrel monkey)
ESVVF|337..341|XP_003932711|Saimiri boliviensis boliviensis (Bolivian squirrel monkey)
ECQVW|22..26|XP_004370244|Trichechus manatus latirostris (Florida manatee)
EAGFV|61..65|XP_004370244|Trichechus manatus latirostris (Florida manatee)
EKVIL|90..94|XP_004370244|Trichechus manatus latirostris (Florida manatee)
EKDLV|208..212|XP_004370244|Trichechus manatus latirostris (Florida manatee)
DPEAL|75..79|XP_007185485|Balaenoptera acutorostrata scammoni
ECQVW|114..118|XP_007185485|Balaenoptera acutorostrata scammoni
EAGVV|153..157|XP_007185485|Balaenoptera acutorostrata scammoni
EKVIL|182..186|XP_007185485|Balaenoptera acutorostrata scammoni
EKDLI|300..304|XP_007185485|Balaenoptera acutorostrata scammoni
ESRVW|2..6|XP_010298087|Balearica regulorum gibbericeps (East African grey crowned-crane)
EKVLL|70..74|XP_010298087|Balearica regulorum gibbericeps (East African grey crowned-crane)
ESVFY|164..168|XP_010298087|Balearica regulorum gibbericeps (East African grey crowned-crane)
EKELI|188..192|XP_010298087|Balearica regulorum gibbericeps (East African grey crowned-crane)
DSAYM|410..414|XP_010298087|Balearica regulorum gibbericeps (East African grey crowned-crane)
ESRVW|39..43|XP_010567831|Haliaeetus leucocephalus (bald eagle)
EKVLL|107..111|XP_010567831|Haliaeetus leucocephalus (bald eagle)
ESVFY|201..205|XP_010567831|Haliaeetus leucocephalus (bald eagle)
EKELI|225..229|XP_010567831|Haliaeetus leucocephalus (bald eagle)
DSAYV|447..451|XP_010567831|Haliaeetus leucocephalus (bald eagle)
DPKVY|20..24|XP_010752899|Larimichthys crocea (large yellow croaker)
DQNLW|36..40|XP_010752899|Larimichthys crocea (large yellow croaker)
DSGLV|83..87|XP_010752899|Larimichthys crocea (large yellow croaker)
EERVF|172..176|XP_010752899|Larimichthys crocea (large yellow croaker)
ESMFY|206..210|XP_010752899|Larimichthys crocea (large yellow croaker)
EHNIY|38..42|XP_010788568|Notothenia coriiceps (black rockcod)
ESGMV|86..90|XP_010788568|Notothenia coriiceps (black rockcod)
EKVLL|115..119|XP_010788568|Notothenia coriiceps (black rockcod)
ERGFL|176..180|XP_010788568|Notothenia coriiceps (black rockcod)
EGPII|234..238|XP_010788568|Notothenia coriiceps (black rockcod)
ECQVW|128..132|XP_010834955|Bison bison bison
EAGVV|167..171|XP_010834955|Bison bison bison
EKVIL|196..200|XP_010834955|Bison bison bison
DLILA|333..337|XP_010834955|Bison bison bison
ECQLW|22..26|XP_010952673|Camelus bactrianus (Bactrian camel)
EAGLV|61..65|XP_010952673|Camelus bactrianus (Bactrian camel)
EKVIL|90..94|XP_010952673|Camelus bactrianus (Bactrian camel)
DLLLA|178..182|XP_010952673|Camelus bactrianus (Bactrian camel)
ECQAW|21..25|XP_011372437|Pteropus vampyrus (large flying fox)
EAGIA|60..64|XP_011372437|Pteropus vampyrus (large flying fox)
EKIIL|89..93|XP_011372437|Pteropus vampyrus (large flying fox)
ECQAW|252..256|XP_011372437|Pteropus vampyrus (large flying fox)
ECQVW|25..29|XP_012421261|Odobenus rosmarus divergens (Pacific walrus)
EAGIV|64..68|XP_012421261|Odobenus rosmarus divergens (Pacific walrus)
EKVIL|93..97|XP_012421261|Odobenus rosmarus divergens (Pacific walrus)
EQDLI|211..215|XP_012421261|Odobenus rosmarus divergens (Pacific walrus)
EAGIV|61..65|XP_012659420|Otolemur garnettii (small-eared galago)
EKVIM|90..94|XP_012659420|Otolemur garnettii (small-eared galago)
DKDIV|208..212|XP_012659420|Otolemur garnettii (small-eared galago)
ESGMV|85..89|XP_012690457|Clupea harengus (Atlantic herring)
EKVLL|114..118|XP_012690457|Clupea harengus (Atlantic herring)
ERGFL|175..179|XP_012690457|Clupea harengus (Atlantic herring)
ESVFY|208..212|XP_012690457|Clupea harengus (Atlantic herring)
EGPII|233..237|XP_012690457|Clupea harengus (Atlantic herring)
ERLIA|81..85|XP_012915577|Mustela putorius furo (domestic ferret)
EAGLV|155..159|XP_012915577|Mustela putorius furo (domestic ferret)
EKVIL|184..188|XP_012915577|Mustela putorius furo (domestic ferret)
DLILA|304..308|XP_012915577|Mustela putorius furo (domestic ferret)
EDNFL|3..7|XP_014162953|Geospiza fortis (medium ground-finch)
ECRVW|11..15|XP_014162953|Geospiza fortis (medium ground-finch)
EKVLL|79..83|XP_014162953|Geospiza fortis (medium ground-finch)
ESVFY|173..177|XP_014162953|Geospiza fortis (medium ground-finch)
DLFFF|10..14|XP_014342411|Latimeria chalumnae (coelacanth)
EKVLL|27..31|XP_014342411|Latimeria chalumnae (coelacanth)
ESVFF|121..125|XP_014342411|Latimeria chalumnae (coelacanth)
ECQAW|40..44|XP_014704638|Equus asinus (ass)
EAGIV|79..83|XP_014704638|Equus asinus (ass)
EKVIL|108..112|XP_014704638|Equus asinus (ass)
EQDLI|226..230|XP_014704638|Equus asinus (ass)
ECRVW|34..38|XP_014729268|Sturnus vulgaris (Common starling)
EKVLL|102..106|XP_014729268|Sturnus vulgaris (Common starling)
ESVFY|196..200|XP_014729268|Sturnus vulgaris (Common starling)
EGLII|27..31|XP_015151868|Gallus gallus (chicken)
EFGAA|84..88|XP_015151868|Gallus gallus (chicken)
ECRAW|192..196|XP_015151868|Gallus gallus (chicken)
EKVLL|260..264|XP_015151868|Gallus gallus (chicken)
ESVFY|354..358|XP_015151868|Gallus gallus (chicken)
EKDLV|378..382|XP_015151868|Gallus gallus (chicken)
DKEVV|12..16|XP_015395186|Panthera tigris altaica (Amur tiger)
DNGVL|73..77|XP_015395186|Panthera tigris altaica (Amur tiger)
ERDLL|81..85|XP_015395186|Panthera tigris altaica (Amur tiger)
EPSLW|296..300|XP_015395186|Panthera tigris altaica (Amur tiger)
ESHWA|436..440|XP_015395186|Panthera tigris altaica (Amur tiger)
ECQAW|22..26|XP_016042416|Erinaceus europaeus (western European hedgehog)
EAGLV|61..65|XP_016042416|Erinaceus europaeus (western European hedgehog)
EKVIL|90..94|XP_016042416|Erinaceus europaeus (western European hedgehog)
EKDLV|208..212|XP_016042416|Erinaceus europaeus (western European hedgehog)
ESGMV|85..89|XP_017343084|Ictalurus punctatus (channel catfish)
EKVML|114..118|XP_017343084|Ictalurus punctatus (channel catfish)
ERGFL|175..179|XP_017343084|Ictalurus punctatus (channel catfish)
ESVFY|208..212|XP_017343084|Ictalurus punctatus (channel catfish)
EGPII|233..237|XP_017343084|Ictalurus punctatus (channel catfish)
DIEAM|452..456|XP_017343084|Ictalurus punctatus (channel catfish)
ESGMV|85..89|XP_017566413|Pygocentrus nattereri (red-bellied piranha)
EKVML|114..118|XP_017566413|Pygocentrus nattereri (red-bellied piranha)
ERGFL|175..179|XP_017566413|Pygocentrus nattereri (red-bellied piranha)
ESVFY|208..212|XP_017566413|Pygocentrus nattereri (red-bellied piranha)
EGPII|233..237|XP_017566413|Pygocentrus nattereri (red-bellied piranha)
DTAVV|330..334|XP_017566413|Pygocentrus nattereri (red-bellied piranha)
DVQIL|21..25|XP_018092519|Xenopus laevis (African clawed frog)
ESRVW|41..45|XP_018092519|Xenopus laevis (African clawed frog)
EKVIF|109..113|XP_018092519|Xenopus laevis (African clawed frog)
ESVFY|203..207|XP_018092519|Xenopus laevis (African clawed frog)
ETGMV|85..89|XP_018921920|Cyprinus carpio (common carp)
EKVML|114..118|XP_018921920|Cyprinus carpio (common carp)
ERGFL|175..179|XP_018921920|Cyprinus carpio (common carp)
ESVFY|208..212|XP_018921920|Cyprinus carpio (common carp)
EGPII|233..237|XP_018921920|Cyprinus carpio (common carp)
DIDLA|452..456|XP_018921920|Cyprinus carpio (common carp)
ESRVW|16..20|XP_019326205|Aptenodytes forsteri (emperor penguin)
EKVLL|84..88|XP_019326205|Aptenodytes forsteri (emperor penguin)
ESVFY|178..182|XP_019326205|Aptenodytes forsteri (emperor penguin)
ENELI|202..206|XP_019326205|Aptenodytes forsteri (emperor penguin)
DSAYM|424..428|XP_019326205|Aptenodytes forsteri (emperor penguin)
EKVLL|115..119|XP_019403788|Crocodylus porosus (Australian saltwater crocodile)
ESVFY|209..213|XP_019403788|Crocodylus porosus (Australian saltwater crocodile)
EKGLI|233..237|XP_019403788|Crocodylus porosus (Australian saltwater crocodile)
ECQAW|22..26|XP_020029313|Castor canadensis (American beaver)
ETSIV|61..65|XP_020029313|Castor canadensis (American beaver)
EKVIL|90..94|XP_020029313|Castor canadensis (American beaver)
EKDLL|208..212|XP_020029313|Castor canadensis (American beaver)
ECQAW|33..37|XP_020137329|Microcebus murinus (gray mouse lemur)
EAGVV|72..76|XP_020137329|Microcebus murinus (gray mouse lemur)
EKVIV|101..105|XP_020137329|Microcebus murinus (gray mouse lemur)
EKDLV|219..223|XP_020137329|Microcebus murinus (gray mouse lemur)
DQGMV|86..90|XP_020315597|Oncorhynchus kisutch (coho salmon)
EKVLL|115..119|XP_020315597|Oncorhynchus kisutch (coho salmon)
ERGFL|176..180|XP_020315597|Oncorhynchus kisutch (coho salmon)
ESVFY|209..213|XP_020315597|Oncorhynchus kisutch (coho salmon)
EGPII|234..238|XP_020315597|Oncorhynchus kisutch (coho salmon)
DTAAV|331..335|XP_020315597|Oncorhynchus kisutch (coho salmon)
ESRIW|57..61|XP_020660269|Pogona vitticeps (central bearded dragon)
EKVLL|125..129|XP_020660269|Pogona vitticeps (central bearded dragon)
EQEII|243..247|XP_020660269|Pogona vitticeps (central bearded dragon)
EQSAY|40..44|XP_020785391|Boleophthalmus pectinirostris (great blue-spotted mudskipper)
ESGMV|88..92|XP_020785391|Boleophthalmus pectinirostris (great blue-spotted mudskipper)
EKVML|117..121|XP_020785391|Boleophthalmus pectinirostris (great blue-spotted mudskipper)
ERGFL|178..182|XP_020785391|Boleophthalmus pectinirostris (great blue-spotted mudskipper)
ESVFY|211..215|XP_020785391|Boleophthalmus pectinirostris (great blue-spotted mudskipper)
EGPVI|236..240|XP_020785391|Boleophthalmus pectinirostris (great blue-spotted mudskipper)
ECQVW|55..59|XP_020837214|Phascolarctos cinereus (koala)
DKVIL|123..127|XP_020837214|Phascolarctos cinereus (koala)
EKELA|241..245|XP_020837214|Phascolarctos cinereus (koala)
ECQVW|24..28|XP_021533457|Neomonachus schauinslandi (Hawaiian monk seal)
EAGIV|63..67|XP_021533457|Neomonachus schauinslandi (Hawaiian monk seal)
EKVIL|92..96|XP_021533457|Neomonachus schauinslandi (Hawaiian monk seal)
DRYLL|204..208|XP_021533457|Neomonachus schauinslandi (Hawaiian monk seal)
EKDLI|210..214|XP_021533457|Neomonachus schauinslandi (Hawaiian monk seal)
ECQAW|23..27|XP_023106779|Felis catus (domestic cat)
EAGVV|62..66|XP_023106779|Felis catus (domestic cat)
EKVIL|91..95|XP_023106779|Felis catus (domestic cat)
EKDLI|209..213|XP_023106779|Felis catus (domestic cat)
ESGMV|86..90|XP_023134423|Amphiprion ocellaris (clown anemonefish)
EKVLL|115..119|XP_023134423|Amphiprion ocellaris (clown anemonefish)
ERGFL|176..180|XP_023134423|Amphiprion ocellaris (clown anemonefish)
ESVFY|209..213|XP_023134423|Amphiprion ocellaris (clown anemonefish)
EGPII|234..238|XP_023134423|Amphiprion ocellaris (clown anemonefish)
ECQAW|22..26|XP_023396611|Loxodonta africana (African savanna elephant)
EAGVV|61..65|XP_023396611|Loxodonta africana (African savanna elephant)
EKVIL|90..94|XP_023396611|Loxodonta africana (African savanna elephant)
EKDLV|208..212|XP_023396611|Loxodonta africana (African savanna elephant)
ECQAW|22..26|XP_023560125|Octodon degus (degu)
EAGVV|61..65|XP_023560125|Octodon degus (degu)
EKVIL|90..94|XP_023560125|Octodon degus (degu)
ERALA|151..155|XP_023560125|Octodon degus (degu)
DHILA|210..214|XP_023560125|Octodon degus (degu)
ERVLL|115..119|XP_023847287|Salvelinus alpinus (Arctic char)
ERGFL|176..180|XP_023847287|Salvelinus alpinus (Arctic char)
ESVFY|209..213|XP_023847287|Salvelinus alpinus (Arctic char)
ESRIW|55..59|XP_023970691|Chrysemys picta bellii (western painted turtle)
EKVLL|123..127|XP_023970691|Chrysemys picta bellii (western painted turtle)
ESVFY|217..221|XP_023970691|Chrysemys picta bellii (western painted turtle)
DKELI|241..245|XP_023970691|Chrysemys picta bellii (western painted turtle)
DSAYI|463..467|XP_023970691|Chrysemys picta bellii (western painted turtle)
ESRIW|55..59|XP_024050478|Terrapene carolina triunguis (Three-toed box turtle)
EKVLL|123..127|XP_024050478|Terrapene carolina triunguis (Three-toed box turtle)
ESVFY|217..221|XP_024050478|Terrapene carolina triunguis (Three-toed box turtle)
EKELI|241..245|XP_024050478|Terrapene carolina triunguis (Three-toed box turtle)
DSAYI|463..467|XP_024050478|Terrapene carolina triunguis (Three-toed box turtle)
EKVLL|115..119|XP_025057523|Alligator sinensis (Chinese alligator)
ESVFY|209..213|XP_025057523|Alligator sinensis (Chinese alligator)
EKELI|233..237|XP_025057523|Alligator sinensis (Chinese alligator)
ECQAW|217..221|XP_025787896|Puma concolor (puma)
EAGVV|256..260|XP_025787896|Puma concolor (puma)
EKVIL|285..289|XP_025787896|Puma concolor (puma)
EKDLI|403..407|XP_025787896|Puma concolor (puma)
ECQVW|23..27|XP_025870919|Vulpes vulpes (red fox)
EAGIV|62..66|XP_025870919|Vulpes vulpes (red fox)
EKVIL|91..95|XP_025870919|Vulpes vulpes (red fox)
ELILA|211..215|XP_025870919|Vulpes vulpes (red fox)
ESRVW|35..39|XP_025913148|Apteryx rowi (Okarito brown kiwi)
EKVLL|103..107|XP_025913148|Apteryx rowi (Okarito brown kiwi)
ESVFY|197..201|XP_025913148|Apteryx rowi (Okarito brown kiwi)
EKELI|221..225|XP_025913148|Apteryx rowi (Okarito brown kiwi)
DSAYI|443..447|XP_025913148|Apteryx rowi (Okarito brown kiwi)
ESRVW|40..44|XP_025948636|Dromaius novaehollandiae (emu)
EKVLL|108..112|XP_025948636|Dromaius novaehollandiae (emu)
ESVFY|202..206|XP_025948636|Dromaius novaehollandiae (emu)
EKELI|226..230|XP_025948636|Dromaius novaehollandiae (emu)
DSAYI|448..452|XP_025948636|Dromaius novaehollandiae (emu)
ESRLW|54..58|XP_026539206|Notechis scutatus (mainland tiger snake)
EKVLL|122..126|XP_026539206|Notechis scutatus (mainland tiger snake)
ESVFY|216..220|XP_026539206|Notechis scutatus (mainland tiger snake)
ESRIW|12..16|XP_026717842|Athene cunicularia (burrowing owl)
EKVLL|80..84|XP_026717842|Athene cunicularia (burrowing owl)
ESVFY|174..178|XP_026717842|Athene cunicularia (burrowing owl)
EKELI|198..202|XP_026717842|Athene cunicularia (burrowing owl)
DSAYM|420..424|XP_026717842|Athene cunicularia (burrowing owl)
ESGMV|85..89|XP_028439258|Perca flavescens (yellow perch)
EKVLL|114..118|XP_028439258|Perca flavescens (yellow perch)
ERGFL|175..179|XP_028439258|Perca flavescens (yellow perch)
EGPII|233..237|XP_028439258|Perca flavescens (yellow perch)
ERVLF|71..75|XP_028591619|Podarcis muralis (Common wall lizard)
ESRIW|110..114|XP_028591619|Podarcis muralis (Common wall lizard)
ESAFV|518..522|XP_028591619|Podarcis muralis (Common wall lizard)
DQGMV|86..90|XP_029477361|Oncorhynchus nerka (sockeye salmon)
EKVLL|115..119|XP_029477361|Oncorhynchus nerka (sockeye salmon)
ERGFL|176..180|XP_029477361|Oncorhynchus nerka (sockeye salmon)
ESVFY|209..213|XP_029477361|Oncorhynchus nerka (sockeye salmon)
EGPII|234..238|XP_029477361|Oncorhynchus nerka (sockeye salmon)
DTAAV|331..335|XP_029477361|Oncorhynchus nerka (sockeye salmon)
ESRVW|34..38|XP_030318959|Calypte anna (Anna's hummingbird)
EKVLL|102..106|XP_030318959|Calypte anna (Anna's hummingbird)
ESVFY|196..200|XP_030318959|Calypte anna (Anna's hummingbird)
EKELI|220..224|XP_030318959|Calypte anna (Anna's hummingbird)
DSGYM|442..446|XP_030318959|Calypte anna (Anna's hummingbird)
ECQVW|56..60|XP_030618748|Delphinapterus leucas (beluga whale)
EGLLV|95..99|XP_030618748|Delphinapterus leucas (beluga whale)
EKVIL|122..126|XP_030618748|Delphinapterus leucas (beluga whale)
EKDLI|240..244|XP_030618748|Delphinapterus leucas (beluga whale)
DHGLL|574..578|XP_030618748|Delphinapterus leucas (beluga whale)
ECQVW|25..29|XP_032243559|Phoca vitulina (harbor seal)
EAGIV|64..68|XP_032243559|Phoca vitulina (harbor seal)
EKVIL|93..97|XP_032243559|Phoca vitulina (harbor seal)
DRYLL|205..209|XP_032243559|Phoca vitulina (harbor seal)
EKDLI|211..215|XP_032243559|Phoca vitulina (harbor seal)
EKSLA|35..39|XP_032810649|Petromyzon marinus (sea lamprey)
ELRLW|54..58|XP_032810649|Petromyzon marinus (sea lamprey)
ERAFI|183..187|XP_032810649|Petromyzon marinus (sea lamprey)
ESLFI|216..220|XP_032810649|Petromyzon marinus (sea lamprey)
