V1,V2,V3,V4
EAGIVL,61..66,NP_071365,Homo sapiens (human)
EKVILL,90..95,NP_071365,Homo sapiens (human)
ESERAF,149..154,NP_071365,Homo sapiens (human)
EKDLIL,208..213,NP_071365,Homo sapiens (human)
DAKGWI,272..277,NP_071365,Homo sapiens (human)
ESVVFA,337..342,NP_071365,Homo sapiens (human)
V1,V2,V3,V4
EAGIVL,72..77,NP_898984,Mus musculus (house mouse)
EKVILL,101..106,NP_898984,Mus musculus (house mouse)
ESERAF,160..165,NP_898984,Mus musculus (house mouse)
EKDLVL,219..224,NP_898984,Mus musculus (house mouse)
V1,V2,V3,V4
EKVLLL,108..113,NP_001006292,Gallus gallus (chicken)
ESERAF,167..172,NP_001006292,Gallus gallus (chicken)
ESVFYF,202..207,NP_001006292,Gallus gallus (chicken)
EKDLVI,226..231,NP_001006292,Gallus gallus (chicken)
ESKGWV,290..295,NP_001006292,Gallus gallus (chicken)
DTDSAY,446..451,NP_001006292,Gallus gallus (chicken)
V1,V2,V3,V4
EAGVVL,61..66,NP_001093848,Bos taurus (cattle)
EKVILL,90..95,NP_001093848,Bos taurus (cattle)
ESERAF,149..154,NP_001093848,Bos taurus (cattle)
DLILAL,227..232,NP_001093848,Bos taurus (cattle)
V1,V2,V3,V4
EAGIVL,72..77,NP_001102083,Rattus norvegicus (Norway rat)
EKVILL,101..106,NP_001102083,Rattus norvegicus (Norway rat)
DEKDLV,218..223,NP_001102083,Rattus norvegicus (Norway rat)
V1,V2,V3,V4
EDVPFI,14..19,XP_001336574,Danio rerio (zebrafish)
ETGMVL,84..89,XP_001336574,Danio rerio (zebrafish)
ERVLLL,113..118,XP_001336574,Danio rerio (zebrafish)
ERGLLM,174..179,XP_001336574,Danio rerio (zebrafish)
EPSVWA,260..265,XP_001336574,Danio rerio (zebrafish)
DEPEII,453..458,XP_001336574,Danio rerio (zebrafish)
V1,V2,V3,V4
EKVLLL,102..107,XP_002198570,Taeniopygia guttata (zebra finch)
ESERAF,161..166,XP_002198570,Taeniopygia guttata (zebra finch)
ESVFYF,196..201,XP_002198570,Taeniopygia guttata (zebra finch)
ESKGWV,284..289,XP_002198570,Taeniopygia guttata (zebra finch)
DTDSVY,440..445,XP_002198570,Taeniopygia guttata (zebra finch)
V1,V2,V3,V4
EAGIVL,61..66,XP_003932711,Saimiri boliviensis boliviensis (Bolivian squirrel monkey)
EKVILL,90..95,XP_003932711,Saimiri boliviensis boliviensis (Bolivian squirrel monkey)
ESERAF,149..154,XP_003932711,Saimiri boliviensis boliviensis (Bolivian squirrel monkey)
DLVPAL,210..215,XP_003932711,Saimiri boliviensis boliviensis (Bolivian squirrel monkey)
DAKGWI,272..277,XP_003932711,Saimiri boliviensis boliviensis (Bolivian squirrel monkey)
ESVVFA,337..342,XP_003932711,Saimiri boliviensis boliviensis (Bolivian squirrel monkey)
V1,V2,V3,V4
EAQDAL,12..17,XP_004370244,Trichechus manatus latirostris (Florida manatee)
EAGFVL,61..66,XP_004370244,Trichechus manatus latirostris (Florida manatee)
EKVILL,90..95,XP_004370244,Trichechus manatus latirostris (Florida manatee)
DSERAL,149..154,XP_004370244,Trichechus manatus latirostris (Florida manatee)
EKDLVM,208..213,XP_004370244,Trichechus manatus latirostris (Florida manatee)
V1,V2,V3,V4
EALCVF,77..82,XP_007185485,Balaenoptera acutorostrata scammoni
ELLPFV,87..92,XP_007185485,Balaenoptera acutorostrata scammoni
EAGVVL,153..158,XP_007185485,Balaenoptera acutorostrata scammoni
EKVILL,182..187,XP_007185485,Balaenoptera acutorostrata scammoni
ESERAF,241..246,XP_007185485,Balaenoptera acutorostrata scammoni
EKDLIL,300..305,XP_007185485,Balaenoptera acutorostrata scammoni
V1,V2,V3,V4
EKVLLL,70..75,XP_010298087,Balearica regulorum gibbericeps (East African grey crowned-crane)
ESERAF,129..134,XP_010298087,Balearica regulorum gibbericeps (East African grey crowned-crane)
ESVFYF,164..169,XP_010298087,Balearica regulorum gibbericeps (East African grey crowned-crane)
EKELII,188..193,XP_010298087,Balearica regulorum gibbericeps (East African grey crowned-crane)
ESKGWV,252..257,XP_010298087,Balearica regulorum gibbericeps (East African grey crowned-crane)
DTDSAY,408..413,XP_010298087,Balearica regulorum gibbericeps (East African grey crowned-crane)
V1,V2,V3,V4
EKVLLL,107..112,XP_010567831,Haliaeetus leucocephalus (bald eagle)
ENERAF,166..171,XP_010567831,Haliaeetus leucocephalus (bald eagle)
ESVFYF,201..206,XP_010567831,Haliaeetus leucocephalus (bald eagle)
EKELII,225..230,XP_010567831,Haliaeetus leucocephalus (bald eagle)
ESKGWV,289..294,XP_010567831,Haliaeetus leucocephalus (bald eagle)
DTDSAY,445..450,XP_010567831,Haliaeetus leucocephalus (bald eagle)
V1,V2,V3,V4
DSGLVL,83..88,XP_010752899,Larimichthys crocea (large yellow croaker)
EEERVF,171..176,XP_010752899,Larimichthys crocea (large yellow croaker)
ESMFYV,206..211,XP_010752899,Larimichthys crocea (large yellow croaker)
EATGWV,292..297,XP_010752899,Larimichthys crocea (large yellow croaker)
DSCPVI,451..456,XP_010752899,Larimichthys crocea (large yellow croaker)
V1,V2,V3,V4
EHNIYW,38..43,XP_010788568,Notothenia coriiceps (black rockcod)
ESGMVL,86..91,XP_010788568,Notothenia coriiceps (black rockcod)
EKVLLL,115..120,XP_010788568,Notothenia coriiceps (black rockcod)
ERGFLM,176..181,XP_010788568,Notothenia coriiceps (black rockcod)
DAKGWV,297..302,XP_010788568,Notothenia coriiceps (black rockcod)
V1,V2,V3,V4
EAGVVL,167..172,XP_010834955,Bison bison bison
EKVILL,196..201,XP_010834955,Bison bison bison
ESERAF,255..260,XP_010834955,Bison bison bison
DLILAL,333..338,XP_010834955,Bison bison bison
V1,V2,V3,V4
EAGLVL,61..66,XP_010952673,Camelus bactrianus (Bactrian camel)
EKVILL,90..95,XP_010952673,Camelus bactrianus (Bactrian camel)
ESERAF,149..154,XP_010952673,Camelus bactrianus (Bactrian camel)
DLLLAL,178..183,XP_010952673,Camelus bactrianus (Bactrian camel)
V1,V2,V3,V4
EAGIAL,60..65,XP_011372437,Pteropus vampyrus (large flying fox)
EKIILL,89..94,XP_011372437,Pteropus vampyrus (large flying fox)
V1,V2,V3,V4
EAGIVL,64..69,XP_012421261,Odobenus rosmarus divergens (Pacific walrus)
EKVILL,93..98,XP_012421261,Odobenus rosmarus divergens (Pacific walrus)
ESERAF,152..157,XP_012421261,Odobenus rosmarus divergens (Pacific walrus)
EQDLIL,211..216,XP_012421261,Odobenus rosmarus divergens (Pacific walrus)
V1,V2,V3,V4
EAGIVL,61..66,XP_012659420,Otolemur garnettii (small-eared galago)
EKVIML,90..95,XP_012659420,Otolemur garnettii (small-eared galago)
ESERAL,149..154,XP_012659420,Otolemur garnettii (small-eared galago)
DKDIVL,208..213,XP_012659420,Otolemur garnettii (small-eared galago)
V1,V2,V3,V4
DNFGAA,24..29,XP_012690457,Clupea harengus (Atlantic herring)
ESGMVL,85..90,XP_012690457,Clupea harengus (Atlantic herring)
EKVLLL,114..119,XP_012690457,Clupea harengus (Atlantic herring)
ERGFLM,175..180,XP_012690457,Clupea harengus (Atlantic herring)
ESVFYV,208..213,XP_012690457,Clupea harengus (Atlantic herring)
DAKGWV,296..301,XP_012690457,Clupea harengus (Atlantic herring)
V1,V2,V3,V4
EAGLVL,155..160,XP_012915577,Mustela putorius furo (domestic ferret)
EKVILL,184..189,XP_012915577,Mustela putorius furo (domestic ferret)
ESERAF,243..248,XP_012915577,Mustela putorius furo (domestic ferret)
DLILAL,304..309,XP_012915577,Mustela putorius furo (domestic ferret)
V1,V2,V3,V4
EKVLLL,79..84,XP_014162953,Geospiza fortis (medium ground-finch)
ESERAF,138..143,XP_014162953,Geospiza fortis (medium ground-finch)
ESVFYF,173..178,XP_014162953,Geospiza fortis (medium ground-finch)
DSKGWV,261..266,XP_014162953,Geospiza fortis (medium ground-finch)
DTGSVY,417..422,XP_014162953,Geospiza fortis (medium ground-finch)
V1,V2,V3,V4
DLFFFF,10..15,XP_014342411,Latimeria chalumnae (coelacanth)
EKVLLL,27..32,XP_014342411,Latimeria chalumnae (coelacanth)
ESVFFF,121..126,XP_014342411,Latimeria chalumnae (coelacanth)
V1,V2,V3,V4
EAGIVL,79..84,XP_014704638,Equus asinus (ass)
EKVILL,108..113,XP_014704638,Equus asinus (ass)
ESERAF,167..172,XP_014704638,Equus asinus (ass)
EQDLIL,226..231,XP_014704638,Equus asinus (ass)
V1,V2,V3,V4
EKVLLL,102..107,XP_014729268,Sturnus vulgaris (Common starling)
ESERAF,161..166,XP_014729268,Sturnus vulgaris (Common starling)
ESVFYF,196..201,XP_014729268,Sturnus vulgaris (Common starling)
ESKGWV,284..289,XP_014729268,Sturnus vulgaris (Common starling)
DTHSVY,440..445,XP_014729268,Sturnus vulgaris (Common starling)
V1,V2,V3,V4
EGLIIY,27..32,XP_015151868,Gallus gallus (chicken)
EKVLLL,260..265,XP_015151868,Gallus gallus (chicken)
ESERAF,319..324,XP_015151868,Gallus gallus (chicken)
ESVFYF,354..359,XP_015151868,Gallus gallus (chicken)
EKDLVI,378..383,XP_015151868,Gallus gallus (chicken)
ESKGWV,442..447,XP_015151868,Gallus gallus (chicken)
V1,V2,V3,V4
EPYTLY,65..70,XP_015395186,Panthera tigris altaica (Amur tiger)
ESERAF,216..221,XP_015395186,Panthera tigris altaica (Amur tiger)
EPSLWA,296..301,XP_015395186,Panthera tigris altaica (Amur tiger)
V1,V2,V3,V4
EAGLVL,61..66,XP_016042416,Erinaceus europaeus (western European hedgehog)
EKVILL,90..95,XP_016042416,Erinaceus europaeus (western European hedgehog)
ENERAF,149..154,XP_016042416,Erinaceus europaeus (western European hedgehog)
DLVPAL,210..215,XP_016042416,Erinaceus europaeus (western European hedgehog)
V1,V2,V3,V4
ESGMVL,85..90,XP_017343084,Ictalurus punctatus (channel catfish)
EKVMLL,114..119,XP_017343084,Ictalurus punctatus (channel catfish)
ERGFLM,175..180,XP_017343084,Ictalurus punctatus (channel catfish)
ESVFYI,208..213,XP_017343084,Ictalurus punctatus (channel catfish)
DSKGWI,296..301,XP_017343084,Ictalurus punctatus (channel catfish)
V1,V2,V3,V4
ESGMVL,85..90,XP_017566413,Pygocentrus nattereri (red-bellied piranha)
EKVMLL,114..119,XP_017566413,Pygocentrus nattereri (red-bellied piranha)
ERGFLM,175..180,XP_017566413,Pygocentrus nattereri (red-bellied piranha)
ESVFYV,208..213,XP_017566413,Pygocentrus nattereri (red-bellied piranha)
DSKGWV,296..301,XP_017566413,Pygocentrus nattereri (red-bellied piranha)
V1,V2,V3,V4
EKVIFL,109..114,XP_018092519,Xenopus laevis (African clawed frog)
ETERAF,168..173,XP_018092519,Xenopus laevis (African clawed frog)
ESVFYF,203..208,XP_018092519,Xenopus laevis (African clawed frog)
EKERIV,227..232,XP_018092519,Xenopus laevis (African clawed frog)
ESKGWV,291..296,XP_018092519,Xenopus laevis (African clawed frog)
V1,V2,V3,V4
ETGMVL,85..90,XP_018921920,Cyprinus carpio (common carp)
EKVMLL,114..119,XP_018921920,Cyprinus carpio (common carp)
ERGFLM,175..180,XP_018921920,Cyprinus carpio (common carp)
ESVFYI,208..213,XP_018921920,Cyprinus carpio (common carp)
DAKGWV,296..301,XP_018921920,Cyprinus carpio (common carp)
V1,V2,V3,V4
EKVLLL,84..89,XP_019326205,Aptenodytes forsteri (emperor penguin)
ESERAF,143..148,XP_019326205,Aptenodytes forsteri (emperor penguin)
ESVFYF,178..183,XP_019326205,Aptenodytes forsteri (emperor penguin)
ENELII,202..207,XP_019326205,Aptenodytes forsteri (emperor penguin)
ESKGWV,266..271,XP_019326205,Aptenodytes forsteri (emperor penguin)
DTDSAY,422..427,XP_019326205,Aptenodytes forsteri (emperor penguin)
V1,V2,V3,V4
EKVLLL,115..120,XP_019403788,Crocodylus porosus (Australian saltwater crocodile)
ESERAF,174..179,XP_019403788,Crocodylus porosus (Australian saltwater crocodile)
ESVFYF,209..214,XP_019403788,Crocodylus porosus (Australian saltwater crocodile)
EKGLII,233..238,XP_019403788,Crocodylus porosus (Australian saltwater crocodile)
ESKGWV,297..302,XP_019403788,Crocodylus porosus (Australian saltwater crocodile)
DTVSAY,453..458,XP_019403788,Crocodylus porosus (Australian saltwater crocodile)
V1,V2,V3,V4
EARRAA,7..12,XP_020029313,Castor canadensis (American beaver)
ETSIVL,61..66,XP_020029313,Castor canadensis (American beaver)
EKVILL,90..95,XP_020029313,Castor canadensis (American beaver)
ESERAL,149..154,XP_020029313,Castor canadensis (American beaver)
EKDLLL,208..213,XP_020029313,Castor canadensis (American beaver)
V1,V2,V3,V4
EAGVVL,72..77,XP_020137329,Microcebus murinus (gray mouse lemur)
EKVIVL,101..106,XP_020137329,Microcebus murinus (gray mouse lemur)
ESERAF,160..165,XP_020137329,Microcebus murinus (gray mouse lemur)
EKDLVL,219..224,XP_020137329,Microcebus murinus (gray mouse lemur)
V1,V2,V3,V4
DKTGVA,24..29,XP_020315597,Oncorhynchus kisutch (coho salmon)
EPNTYW,38..43,XP_020315597,Oncorhynchus kisutch (coho salmon)
DQGMVL,86..91,XP_020315597,Oncorhynchus kisutch (coho salmon)
EKVLLL,115..120,XP_020315597,Oncorhynchus kisutch (coho salmon)
ERGFLM,176..181,XP_020315597,Oncorhynchus kisutch (coho salmon)
ESVFYV,209..214,XP_020315597,Oncorhynchus kisutch (coho salmon)
DAKGWV,297..302,XP_020315597,Oncorhynchus kisutch (coho salmon)
V1,V2,V3,V4
EKVLLL,125..130,XP_020660269,Pogona vitticeps (central bearded dragon)
ENERAF,184..189,XP_020660269,Pogona vitticeps (central bearded dragon)
EQEIII,243..248,XP_020660269,Pogona vitticeps (central bearded dragon)
DSKGWI,307..312,XP_020660269,Pogona vitticeps (central bearded dragon)
V1,V2,V3,V4
EQSAYW,40..45,XP_020785391,Boleophthalmus pectinirostris (great blue-spotted mudskipper)
ESGMVL,88..93,XP_020785391,Boleophthalmus pectinirostris (great blue-spotted mudskipper)
EKVMLL,117..122,XP_020785391,Boleophthalmus pectinirostris (great blue-spotted mudskipper)
ERGFLM,178..183,XP_020785391,Boleophthalmus pectinirostris (great blue-spotted mudskipper)
ESVFYV,211..216,XP_020785391,Boleophthalmus pectinirostris (great blue-spotted mudskipper)
DAKGWV,299..304,XP_020785391,Boleophthalmus pectinirostris (great blue-spotted mudskipper)
V1,V2,V3,V4
DKVILI,123..128,XP_020837214,Phascolarctos cinereus (koala)
ENERAF,182..187,XP_020837214,Phascolarctos cinereus (koala)
EKELAI,241..246,XP_020837214,Phascolarctos cinereus (koala)
DFSSAY,461..466,XP_020837214,Phascolarctos cinereus (koala)
V1,V2,V3,V4
EAGIVL,63..68,XP_021533457,Neomonachus schauinslandi (Hawaiian monk seal)
EKVILL,92..97,XP_021533457,Neomonachus schauinslandi (Hawaiian monk seal)
ESERAF,151..156,XP_021533457,Neomonachus schauinslandi (Hawaiian monk seal)
EKDLIL,210..215,XP_021533457,Neomonachus schauinslandi (Hawaiian monk seal)
V1,V2,V3,V4
EAGVVL,62..67,XP_023106779,Felis catus (domestic cat)
EKVILL,91..96,XP_023106779,Felis catus (domestic cat)
ESERAF,150..155,XP_023106779,Felis catus (domestic cat)
EKDLIL,209..214,XP_023106779,Felis catus (domestic cat)
V1,V2,V3,V4
DKIGVA,25..30,XP_023134423,Amphiprion ocellaris (clown anemonefish)
ESGMVL,86..91,XP_023134423,Amphiprion ocellaris (clown anemonefish)
EKVLLL,115..120,XP_023134423,Amphiprion ocellaris (clown anemonefish)
ERGFLM,176..181,XP_023134423,Amphiprion ocellaris (clown anemonefish)
ESVFYV,209..214,XP_023134423,Amphiprion ocellaris (clown anemonefish)
DAKGWV,297..302,XP_023134423,Amphiprion ocellaris (clown anemonefish)
V1,V2,V3,V4
EAQDAL,12..17,XP_023396611,Loxodonta africana (African savanna elephant)
EAGVVL,61..66,XP_023396611,Loxodonta africana (African savanna elephant)
EKVILL,90..95,XP_023396611,Loxodonta africana (African savanna elephant)
DSERAF,149..154,XP_023396611,Loxodonta africana (African savanna elephant)
EKDLVM,208..213,XP_023396611,Loxodonta africana (African savanna elephant)
EVPGLV,294..299,XP_023396611,Loxodonta africana (African savanna elephant)
V1,V2,V3,V4
EAGVVL,61..66,XP_023560125,Octodon degus (degu)
EKVILL,90..95,XP_023560125,Octodon degus (degu)
ESERAL,149..154,XP_023560125,Octodon degus (degu)
DHILAL,210..215,XP_023560125,Octodon degus (degu)
V1,V2,V3,V4
ERVLLL,115..120,XP_023847287,Salvelinus alpinus (Arctic char)
ERGFLM,176..181,XP_023847287,Salvelinus alpinus (Arctic char)
V1,V2,V3,V4
EKVLLL,123..128,XP_023970691,Chrysemys picta bellii (western painted turtle)
ESERAF,182..187,XP_023970691,Chrysemys picta bellii (western painted turtle)
ESVFYF,217..222,XP_023970691,Chrysemys picta bellii (western painted turtle)
DKELII,241..246,XP_023970691,Chrysemys picta bellii (western painted turtle)
ESKGWV,305..310,XP_023970691,Chrysemys picta bellii (western painted turtle)
DTDSAY,461..466,XP_023970691,Chrysemys picta bellii (western painted turtle)
V1,V2,V3,V4
EKVLLL,123..128,XP_024050478,Terrapene carolina triunguis (Three-toed box turtle)
ESERAF,182..187,XP_024050478,Terrapene carolina triunguis (Three-toed box turtle)
ESVFYF,217..222,XP_024050478,Terrapene carolina triunguis (Three-toed box turtle)
EKELII,241..246,XP_024050478,Terrapene carolina triunguis (Three-toed box turtle)
ESKGWV,305..310,XP_024050478,Terrapene carolina triunguis (Three-toed box turtle)
DTDSAY,461..466,XP_024050478,Terrapene carolina triunguis (Three-toed box turtle)
V1,V2,V3,V4
EKVLLL,115..120,XP_025057523,Alligator sinensis (Chinese alligator)
ESERAF,174..179,XP_025057523,Alligator sinensis (Chinese alligator)
ESVFYF,209..214,XP_025057523,Alligator sinensis (Chinese alligator)
EKELII,233..238,XP_025057523,Alligator sinensis (Chinese alligator)
ESKGWV,297..302,XP_025057523,Alligator sinensis (Chinese alligator)
DTVSAY,453..458,XP_025057523,Alligator sinensis (Chinese alligator)
V1,V2,V3,V4
DRETAI,97..102,XP_025787896,Puma concolor (puma)
DTEGLI,133..138,XP_025787896,Puma concolor (puma)
EAGVVL,256..261,XP_025787896,Puma concolor (puma)
EKVILL,285..290,XP_025787896,Puma concolor (puma)
ESERAF,344..349,XP_025787896,Puma concolor (puma)
EKDLIL,403..408,XP_025787896,Puma concolor (puma)
V1,V2,V3,V4
EAGIVL,62..67,XP_025870919,Vulpes vulpes (red fox)
EKVILL,91..96,XP_025870919,Vulpes vulpes (red fox)
ESERAF,150..155,XP_025870919,Vulpes vulpes (red fox)
ELILAL,211..216,XP_025870919,Vulpes vulpes (red fox)
V1,V2,V3,V4
EKVLLL,103..108,XP_025913148,Apteryx rowi (Okarito brown kiwi)
ESERAF,162..167,XP_025913148,Apteryx rowi (Okarito brown kiwi)
ESVFYF,197..202,XP_025913148,Apteryx rowi (Okarito brown kiwi)
EKELII,221..226,XP_025913148,Apteryx rowi (Okarito brown kiwi)
ESKGWV,285..290,XP_025913148,Apteryx rowi (Okarito brown kiwi)
DTDSAY,441..446,XP_025913148,Apteryx rowi (Okarito brown kiwi)
V1,V2,V3,V4
EKVLLL,108..113,XP_025948636,Dromaius novaehollandiae (emu)
ESERAF,167..172,XP_025948636,Dromaius novaehollandiae (emu)
ESVFYF,202..207,XP_025948636,Dromaius novaehollandiae (emu)
EKELII,226..231,XP_025948636,Dromaius novaehollandiae (emu)
ESKGWV,290..295,XP_025948636,Dromaius novaehollandiae (emu)
DTDSAY,446..451,XP_025948636,Dromaius novaehollandiae (emu)
V1,V2,V3,V4
EKVLLL,122..127,XP_026539206,Notechis scutatus (mainland tiger snake)
ESERAL,181..186,XP_026539206,Notechis scutatus (mainland tiger snake)
ESVFYL,216..221,XP_026539206,Notechis scutatus (mainland tiger snake)
DSKGWI,305..310,XP_026539206,Notechis scutatus (mainland tiger snake)
DLDPAY,461..466,XP_026539206,Notechis scutatus (mainland tiger snake)
V1,V2,V3,V4
EKVLLL,80..85,XP_026717842,Athene cunicularia (burrowing owl)
ESERAF,139..144,XP_026717842,Athene cunicularia (burrowing owl)
ESVFYF,174..179,XP_026717842,Athene cunicularia (burrowing owl)
EKELII,198..203,XP_026717842,Athene cunicularia (burrowing owl)
ESKGWV,262..267,XP_026717842,Athene cunicularia (burrowing owl)
DTDSAY,418..423,XP_026717842,Athene cunicularia (burrowing owl)
V1,V2,V3,V4
ESGMVL,85..90,XP_028439258,Perca flavescens (yellow perch)
EKVLLL,114..119,XP_028439258,Perca flavescens (yellow perch)
ERGFLM,175..180,XP_028439258,Perca flavescens (yellow perch)
V1,V2,V3,V4
ERVLFL,71..76,XP_028591619,Podarcis muralis (Common wall lizard)
ENERAF,237..242,XP_028591619,Podarcis muralis (Common wall lizard)
DSKGWV,360..365,XP_028591619,Podarcis muralis (Common wall lizard)
DTESAF,516..521,XP_028591619,Podarcis muralis (Common wall lizard)
V1,V2,V3,V4
DKTGVA,24..29,XP_029477361,Oncorhynchus nerka (sockeye salmon)
EPNTYW,38..43,XP_029477361,Oncorhynchus nerka (sockeye salmon)
DQGMVL,86..91,XP_029477361,Oncorhynchus nerka (sockeye salmon)
EKVLLL,115..120,XP_029477361,Oncorhynchus nerka (sockeye salmon)
ERGFLM,176..181,XP_029477361,Oncorhynchus nerka (sockeye salmon)
ESVFYV,209..214,XP_029477361,Oncorhynchus nerka (sockeye salmon)
DAKGWV,297..302,XP_029477361,Oncorhynchus nerka (sockeye salmon)
V1,V2,V3,V4
EKVLLL,102..107,XP_030318959,Calypte anna (Anna's hummingbird)
ESVFYF,196..201,XP_030318959,Calypte anna (Anna's hummingbird)
EKELII,220..225,XP_030318959,Calypte anna (Anna's hummingbird)
ESKGWV,284..289,XP_030318959,Calypte anna (Anna's hummingbird)
V1,V2,V3,V4
EKVILL,122..127,XP_030618748,Delphinapterus leucas (beluga whale)
ESERAF,181..186,XP_030618748,Delphinapterus leucas (beluga whale)
EKDLIL,240..245,XP_030618748,Delphinapterus leucas (beluga whale)
V1,V2,V3,V4
EAGIVL,64..69,XP_032243559,Phoca vitulina (harbor seal)
EKVILL,93..98,XP_032243559,Phoca vitulina (harbor seal)
ESERAF,152..157,XP_032243559,Phoca vitulina (harbor seal)
EKDLIL,211..216,XP_032243559,Phoca vitulina (harbor seal)
V1,V2,V3,V4
DEKSLA,34..39,XP_032810649,Petromyzon marinus (sea lamprey)
DTKTLW,45..50,XP_032810649,Petromyzon marinus (sea lamprey)
ELRLWV,54..59,XP_032810649,Petromyzon marinus (sea lamprey)
ESERAF,181..186,XP_032810649,Petromyzon marinus (sea lamprey)
ESLFIL,216..221,XP_032810649,Petromyzon marinus (sea lamprey)
DSKGWV,306..311,XP_032810649,Petromyzon marinus (sea lamprey)
ESFSLA,367..372,XP_032810649,Petromyzon marinus (sea lamprey)
