EKVI|90..93|NP_071365|Homo sapiens (human)
ERAF|151..154|NP_071365|Homo sapiens (human)
DLIL|210..213|NP_071365|Homo sapiens (human)
DHLI|298..301|NP_071365|Homo sapiens (human)
ESVV|337..340|NP_071365|Homo sapiens (human)
EKVI|101..104|NP_898984|Mus musculus (house mouse)
ERAF|162..165|NP_898984|Mus musculus (house mouse)
DLVL|221..224|NP_898984|Mus musculus (house mouse)
DRLI|309..312|NP_898984|Mus musculus (house mouse)
DGMW|24..27|NP_001006292|Gallus gallus (chicken)
EQYW|33..36|NP_001006292|Gallus gallus (chicken)
EKVL|108..111|NP_001006292|Gallus gallus (chicken)
ERAF|169..172|NP_001006292|Gallus gallus (chicken)
ESVF|202..205|NP_001006292|Gallus gallus (chicken)
DLVI|228..231|NP_001006292|Gallus gallus (chicken)
DHLI|316..319|NP_001006292|Gallus gallus (chicken)
DSAY|448..451|NP_001006292|Gallus gallus (chicken)
EKVI|90..93|NP_001093848|Bos taurus (cattle)
ERAF|151..154|NP_001093848|Bos taurus (cattle)
DLIL|227..230|NP_001093848|Bos taurus (cattle)
DHLI|315..318|NP_001093848|Bos taurus (cattle)
EKVI|101..104|NP_001102083|Rattus norvegicus (Norway rat)
DLVL|221..224|NP_001102083|Rattus norvegicus (Norway rat)
DRLI|309..312|NP_001102083|Rattus norvegicus (Norway rat)
