M|-1..1|NP_071365|Homo sapiens (human)
M|-1..1|NP_898984|Mus musculus (house mouse)
M|-1..1|NP_001006292|Gallus gallus (chicken)
M|-1..1|NP_001093848|Bos taurus (cattle)
M|-1..1|NP_001102083|Rattus norvegicus (Norway rat)
M|-1..1|XP_001336574|Danio rerio (zebrafish)
M|-1..1|XP_002198570|Taeniopygia guttata (zebra finch)
M|-1..1|XP_003932711|Saimiri boliviensis boliviensis (Bolivian squirrel monkey)
M|-1..1|XP_004370244|Trichechus manatus latirostris (Florida manatee)
M|-1..1|XP_007185485|Balaenoptera acutorostrata scammoni
P|-1..1|XP_010298087|Balearica regulorum gibbericeps (East African grey crowned-crane)
M|-1..1|XP_010567831|Haliaeetus leucocephalus (bald eagle)
M|-1..1|XP_010752899|Larimichthys crocea (large yellow croaker)
SKL|250..252|XP_010788568|Notothenia coriiceps (black rockcod)
M|-1..1|XP_010834955|Bison bison bison
M|-1..1|XP_010952673|Camelus bactrianus (Bactrian camel)
M|-1..1|XP_011372437|Pteropus vampyrus (large flying fox)
M|-1..1|XP_012421261|Odobenus rosmarus divergens (Pacific walrus)
M|-1..1|XP_012659420|Otolemur garnettii (small-eared galago)
SKL|249..251|XP_012690457|Clupea harengus (Atlantic herring)
L|-1..1|XP_012915577|Mustela putorius furo (domestic ferret)
M|-1..1|XP_014162953|Geospiza fortis (medium ground-finch)
M|-1..1|XP_014342411|Latimeria chalumnae (coelacanth)
M|-1..1|XP_014704638|Equus asinus (ass)
M|-1..1|XP_014729268|Sturnus vulgaris (Common starling)
M|-1..1|XP_015151868|Gallus gallus (chicken)
M|-1..1|XP_015395186|Panthera tigris altaica (Amur tiger)
M|-1..1|XP_016042416|Erinaceus europaeus (western European hedgehog)
SKL|249..251|XP_017343084|Ictalurus punctatus (channel catfish)
M|-1..1|XP_017566413|Pygocentrus nattereri (red-bellied piranha)
M|-1..1|XP_018092519|Xenopus laevis (African clawed frog)
SKL|249..251|XP_018921920|Cyprinus carpio (common carp)
M|-1..1|XP_019326205|Aptenodytes forsteri (emperor penguin)
M|-1..1|XP_019403788|Crocodylus porosus (Australian saltwater crocodile)
M|-1..1|XP_020029313|Castor canadensis (American beaver)
M|-1..1|XP_020137329|Microcebus murinus (gray mouse lemur)
SKL|250..252|XP_020315597|Oncorhynchus kisutch (coho salmon)
M|-1..1|XP_020660269|Pogona vitticeps (central bearded dragon)
M|-1..1|XP_020785391|Boleophthalmus pectinirostris (great blue-spotted mudskipper)
M|-1..1|XP_020837214|Phascolarctos cinereus (koala)
M|-1..1|XP_021533457|Neomonachus schauinslandi (Hawaiian monk seal)
M|-1..1|XP_023106779|Felis catus (domestic cat)
SKL|250..252|XP_023134423|Amphiprion ocellaris (clown anemonefish)
M|-1..1|XP_023396611|Loxodonta africana (African savanna elephant)
M|-1..1|XP_023560125|Octodon degus (degu)
M|-1..1|XP_023847287|Salvelinus alpinus (Arctic char)
M|-1..1|XP_023970691|Chrysemys picta bellii (western painted turtle)
M|-1..1|XP_024050478|Terrapene carolina triunguis (Three-toed box turtle)
M|-1..1|XP_025057523|Alligator sinensis (Chinese alligator)
M|-1..1|XP_025787896|Puma concolor (puma)
M|-1..1|XP_025870919|Vulpes vulpes (red fox)
M|-1..1|XP_025913148|Apteryx rowi (Okarito brown kiwi)
M|-1..1|XP_025948636|Dromaius novaehollandiae (emu)
M|-1..1|XP_026539206|Notechis scutatus (mainland tiger snake)
M|-1..1|XP_026717842|Athene cunicularia (burrowing owl)
SKL|249..251|XP_028439258|Perca flavescens (yellow perch)
M|-1..1|XP_028591619|Podarcis muralis (Common wall lizard)
SKL|250..252|XP_029477361|Oncorhynchus nerka (sockeye salmon)
M|-1..1|XP_030318959|Calypte anna (Anna's hummingbird)
SKL|539..541|XP_030618748|Delphinapterus leucas (beluga whale)
M|-1..1|XP_032243559|Phoca vitulina (harbor seal)
M|-1..1|XP_032810649|Petromyzon marinus (sea lamprey)
