none,0..0,NP_071365,Homo sapiens (human)
DEAR,6..9,NP_071365,Homo sapiens (human)
none,0..0,NP_898984,Mus musculus (house mouse)
none,0..0,NP_001006292,Gallus gallus (chicken)
none,0..0,NP_001093848,Bos taurus (cattle)
none,0..0,NP_001102083,Rattus norvegicus (Norway rat)
none,0..0,XP_001336574,Danio rerio (zebrafish)
none,0..0,XP_002198570,Taeniopygia guttata (zebra finch)
none,0..0,XP_003932711,Saimiri boliviensis boliviensis (Bolivian squirrel monkey)
DEAR,6..9,XP_004370244,Trichechus manatus latirostris (Florida manatee)
none,0..0,XP_007185485,Balaenoptera acutorostrata scammoni
none,0..0,XP_010298087,Balearica regulorum gibbericeps (East African grey crowned-crane)
none,0..0,XP_010567831,Haliaeetus leucocephalus (bald eagle)
none,0..0,XP_010752899,Larimichthys crocea (large yellow croaker)
none,0..0,XP_010788568,Notothenia coriiceps (black rockcod)
none,0..0,XP_010834955,Bison bison bison
none,0..0,XP_010952673,Camelus bactrianus (Bactrian camel)
none,0..0,XP_011372437,Pteropus vampyrus (large flying fox)
none,0..0,XP_012421261,Odobenus rosmarus divergens (Pacific walrus)
none,0..0,XP_012659420,Otolemur garnettii (small-eared galago)
