ss,sn,,
KRPAATKKAGQAKKKK,31..46,NP_0123456,dummy file
ss,sn,,
none,0..0,NP_071365,Homo sapiens (human)
ss,sn,,
none,0..0,NP_898984,Mus musculus (house mouse)
ss,sn,,
none,0..0,NP_001006292,Gallus gallus (chicken)
ss,sn,,
none,0..0,NP_001093848,Bos taurus (cattle)
ss,sn,,
none,0..0,NP_001102083,Rattus norvegicus (Norway rat)
ss,sn,,
none,0..0,XP_001336574,Danio rerio (zebrafish)
ss,sn,,
none,0..0,XP_002198570,Taeniopygia guttata (zebra finch)
ss,sn,,
none,0..0,XP_003932711,Saimiri boliviensis boliviensis (Bolivian squirrel monkey)
