EAGIVL|61..66|NP_071365|Homo sapiens (human)
EKVILL|90..95|NP_071365|Homo sapiens (human)
ESERAF|149..154|NP_071365|Homo sapiens (human)
EKDLIL|208..213|NP_071365|Homo sapiens (human)
DAKGWI|272..277|NP_071365|Homo sapiens (human)
ESVVFA|337..342|NP_071365|Homo sapiens (human)
EAGIVL|72..77|NP_898984|Mus musculus (house mouse)
EKVILL|101..106|NP_898984|Mus musculus (house mouse)
ESERAF|160..165|NP_898984|Mus musculus (house mouse)
EKDLVL|219..224|NP_898984|Mus musculus (house mouse)
EKVLLL|108..113|NP_001006292|Gallus gallus (chicken)
ESERAF|167..172|NP_001006292|Gallus gallus (chicken)
ESVFYF|202..207|NP_001006292|Gallus gallus (chicken)
EKDLVI|226..231|NP_001006292|Gallus gallus (chicken)
ESKGWV|290..295|NP_001006292|Gallus gallus (chicken)
DTDSAY|446..451|NP_001006292|Gallus gallus (chicken)
EAGVVL|61..66|NP_001093848|Bos taurus (cattle)
EKVILL|90..95|NP_001093848|Bos taurus (cattle)
ESERAF|149..154|NP_001093848|Bos taurus (cattle)
DLILAL|227..232|NP_001093848|Bos taurus (cattle)
EAGIVL|72..77|NP_001102083|Rattus norvegicus (Norway rat)
EKVILL|101..106|NP_001102083|Rattus norvegicus (Norway rat)
DEKDLV|218..223|NP_001102083|Rattus norvegicus (Norway rat)
