HEDL,433..436,NP_071365,Homo sapiens (human)
HEDL,433..436,NP_071365,Homo sapiens (human)
HEDL,444..447,NP_898984,Mus musculus (house mouse)
none,0..0,NP_001006292,Gallus gallus (chicken)
HEDL,450..453,NP_001093848,Bos taurus (cattle)
HEDL,444..447,NP_001102083,Rattus norvegicus (Norway rat)
none,0..0,XP_001336574,Danio rerio (zebrafish)
none,0..0,XP_002198570,Taeniopygia guttata (zebra finch)
HEDL,433..436,NP_071365,Homo sapiens (human)
HEDL,433..436,NP_071365,Homo sapiens (human)
HEDL,444..447,NP_898984,Mus musculus (house mouse)
none,0..0,NP_001006292,Gallus gallus (chicken)
HEDL,450..453,NP_001093848,Bos taurus (cattle)
HEDL,444..447,NP_001102083,Rattus norvegicus (Norway rat)
none,0..0,XP_001336574,Danio rerio (zebrafish)
none,0..0,XP_002198570,Taeniopygia guttata (zebra finch)
