aa,positions,accession,spp,definition,seqLength
DEQAFF,15..20,NP_0123456,dummy file,Vesicular glutamate transporter 1 partial,436
ECQAW,22..26,NP_0123456,dummy file,Vesicular glutamate transporter 1 partial,436
EAGIVL,62..67,NP_0123456,dummy file,Vesicular glutamate transporter 1 partial,436
EKVILL,91..96,NP_0123456,dummy file,Vesicular glutamate transporter 1 partial,436
ESERAF,150..155,NP_0123456,dummy file,Vesicular glutamate transporter 1 partial,436
EKDLIL,209..214,NP_0123456,dummy file,Vesicular glutamate transporter 1 partial,436
DAKGWI,273..278,NP_0123456,dummy file,Vesicular glutamate transporter 1 partial,436
ESVVFA,338..343,NP_0123456,dummy file,Vesicular glutamate transporter 1 partial,436
aa,positions,accession,spp,definition,seqLength
ECQAW,22..26,NP_071365,Homo sapiens (human),Vesicular glutamate transporter 1 partial,436
EAGIVL,61..66,NP_071365,Homo sapiens (human),Vesicular glutamate transporter 1 partial,436
EKVILL,90..95,NP_071365,Homo sapiens (human),Vesicular glutamate transporter 1 partial,436
ESERAF,149..154,NP_071365,Homo sapiens (human),Vesicular glutamate transporter 1 partial,436
EKDLIL,208..213,NP_071365,Homo sapiens (human),Vesicular glutamate transporter 1 partial,436
DAKGWI,272..277,NP_071365,Homo sapiens (human),Vesicular glutamate transporter 1 partial,436
ESVVFA,337..342,NP_071365,Homo sapiens (human),Vesicular glutamate transporter 1 partial,436
