aa,positions,aaStart,aaFromEnd,accession,spp,definition,seq length,taxonomy
AQRVDLSSTHEDL,424..436,424,12,NP_071365,Homo sapiens (human),solute carrier family 17 member 9 isoform 1,436,Eukaryota;Metazoa;Chordata;Craniata;Vertebrata;Euteleostomi;Mammalia;Eutheria;Euarchontoglires;Primates;Haplorrhini;Catarrhini;Hominidae;Homo.
AQRVDLVPTHEDL,435..447,435,12,NP_898984,Mus musculus (house mouse),solute carrier family 17 member 9,447,Eukaryota;Metazoa;Chordata;Craniata;Vertebrata;Euteleostomi;Mammalia;Eutheria;Euarchontoglires;Glires;Rodentia;Myomorpha;Muroidea;Muridae;Murinae;Mus;Mus.
AQRVDTDSAYIDL,442..454,442,12,NP_001006292,Gallus gallus (chicken),solute carrier family 17 member 9,454,Eukaryota;Metazoa;Chordata;Craniata;Vertebrata;Euteleostomi;Archelosauria;Archosauria;Dinosauria;Saurischia;Theropoda;Coelurosauria;Aves;Neognathae;Galloanserae;Galliformes;Phasianidae;Phasianinae;Gallus.
AQRVDLSPAHEDL,441..453,441,12,NP_001093848,Bos taurus (cattle),solute carrier family 17 member 9,453,Eukaryota;Metazoa;Chordata;Craniata;Vertebrata;Euteleostomi;Mammalia;Eutheria;Laurasiatheria;Cetartiodactyla;Ruminantia;Pecora;Bovidae;Bovinae;Bos.
AQRVDLVPTHEDL,435..447,435,12,NP_001102083,Rattus norvegicus (Norway rat),solute carrier family 17 member 9,447,Eukaryota;Metazoa;Chordata;Craniata;Vertebrata;Euteleostomi;Mammalia;Eutheria;Euarchontoglires;Glires;Rodentia;Myomorpha;Muroidea;Muridae;Murinae;Rattus.
AQRVDLSSTHEDL,418..430,418,12,NP_001289572,Homo sapiens (human),solute carrier family 17 member 9 isoform 2,430,Eukaryota;Metazoa;Chordata;Craniata;Vertebrata;Euteleostomi;Mammalia;Eutheria;Euarchontoglires;Primates;Haplorrhini;Catarrhini;Hominidae;Homo.
AKRIDQLDEPEII,446..458,446,12,XP_001336574,Danio rerio (zebrafish),solute carrier family 17 member 9,458,Eukaryota;Metazoa;Chordata;Craniata;Vertebrata;Euteleostomi;Actinopterygii;Neopterygii;Teleostei;Ostariophysi;Cypriniformes;Cyprinidae;Danio.
none,0..0,0,438,XP_001356979,Drosophila pseudoobscura,solute carrier family 17 member 9,438,Eukaryota;Metazoa;Ecdysozoa;Arthropoda;Hexapoda;Insecta;Pterygota;Neoptera;Holometabola;Diptera;Brachycera;Muscomorpha;Ephydroidea;Drosophilidae;Drosophila;Sophophora.
none,0..0,0,442,XP_001657797,Aedes aegypti (yellow fever mosquito),solute carrier family 17 member 9,442,Eukaryota;Metazoa;Ecdysozoa;Arthropoda;Hexapoda;Insecta;Pterygota;Neoptera;Holometabola;Diptera;Nematocera;Culicoidea;Culicidae;Culicinae;Aedini;Aedes;Stegomyia.
none,0..0,0,439,XP_001965225,Drosophila ananassae,solute carrier family 17 member 9,439,Eukaryota;Metazoa;Ecdysozoa;Arthropoda;Hexapoda;Insecta;Pterygota;Neoptera;Holometabola;Diptera;Brachycera;Muscomorpha;Ephydroidea;Drosophilidae;Drosophila;Sophophora.
none,0..0,0,439,XP_001968674,Drosophila erecta,solute carrier family 17 member 9,439,Eukaryota;Metazoa;Ecdysozoa;Arthropoda;Hexapoda;Insecta;Pterygota;Neoptera;Holometabola;Diptera;Brachycera;Muscomorpha;Ephydroidea;Drosophilidae;Drosophila;Sophophora.
none,0..0,0,438,XP_001993425,Drosophila grimshawi,solute carrier family 17 member 9,438,Eukaryota;Metazoa;Ecdysozoa;Arthropoda;Hexapoda;Insecta;Pterygota;Neoptera;Holometabola;Diptera;Brachycera;Muscomorpha;Ephydroidea;Drosophilidae;Drosophila;HawaiianDrosophila.
none,0..0,0,438,XP_002003696,Drosophila mojavensis,solute carrier family 17 member 9,438,Eukaryota;Metazoa;Ecdysozoa;Arthropoda;Hexapoda;Insecta;Pterygota;Neoptera;Holometabola;Diptera;Brachycera;Muscomorpha;Ephydroidea;Drosophilidae;Drosophila.
none,0..0,0,438,XP_002020625,Drosophila persimilis,solute carrier family 17 member 9,438,Eukaryota;Metazoa;Ecdysozoa;Arthropoda;Hexapoda;Insecta;Pterygota;Neoptera;Holometabola;Diptera;Brachycera;Muscomorpha;Ephydroidea;Drosophilidae;Drosophila;Sophophora.
none,0..0,0,439,XP_002037820,Drosophila sechellia,solute carrier family 17 member 9,439,Eukaryota;Metazoa;Ecdysozoa;Arthropoda;Hexapoda;Insecta;Pterygota;Neoptera;Holometabola;Diptera;Brachycera;Muscomorpha;Ephydroidea;Drosophilidae;Drosophila;Sophophora.
none,0..0,0,438,XP_002052309,Drosophila virilis,solute carrier family 17 member 9,438,Eukaryota;Metazoa;Ecdysozoa;Arthropoda;Hexapoda;Insecta;Pterygota;Neoptera;Holometabola;Diptera;Brachycera;Muscomorpha;Ephydroidea;Drosophilidae;Drosophila.
none,0..0,0,438,XP_002066815,Drosophila willistoni,solute carrier family 17 member 9,438,Eukaryota;Metazoa;Arthropoda;Hexapoda;Insecta;Pterygota;Neoptera;Endopterygota;Diptera;Brachycera;Muscomorpha;Ephydroidea;Drosophilidae;Drosophila;Sophophora.
AQRVDTDSVYVDL,436..448,436,12,XP_002198570,Taeniopygia guttata (zebra finch),solute carrier family 17 member 9,448,Eukaryota;Metazoa;Chordata;Craniata;Vertebrata;Euteleostomi;Archelosauria;Archosauria;Dinosauria;Saurischia;Theropoda;Coelurosauria;Aves;Neognathae;Passeriformes;Passeroidea;Estrildidae;Estrildinae;Taeniopygia.
ARRVDIDSTKVRHHNIHI,448..465,448,17,XP_003438921,Oreochromis niloticus (Nile tilapia),solute carrier family 17 member 9,465,Eukaryota;Metazoa;Chordata;Craniata;Vertebrata;Euteleostomi;Actinopterygii;Neopterygii;Teleostei;Neoteleostei;Acanthomorphata;Ovalentaria;Cichlomorphae;Cichliformes;Cichlidae;Africancichlids;Pseudocrenilabrinae;Oreochromini;Oreochromis.
none,0..0,0,425,XP_003706319,Megachile rotundata (alfalfa leafcutting bee),PREDICTED: solute carrier family 17 member 9,425,Eukaryota;Metazoa;Ecdysozoa;Arthropoda;Hexapoda;Insecta;Pterygota;Neoptera;Holometabola;Hymenoptera;Apocrita;Aculeata;Apoidea;Megachilidae;Megachilinae;Megachile.
AQRVDLSPSREEL,424..436,424,12,XP_003932711,Saimiri boliviensis boliviensis (Bolivian squirrel monkey),PREDICTED: solute carrier family 17 member 9,436,Eukaryota;Metazoa;Chordata;Craniata;Vertebrata;Euteleostomi;Mammalia;Eutheria;Euarchontoglires;Primates;Haplorrhini;Platyrrhini;Cebidae;Saimiriinae;Saimiri.
ARRVDIDTSKDRHPNIHI,449..466,449,17,XP_003963389,Takifugu rubripes (torafugu),solute carrier family 17 member 9,466,Eukaryota;Metazoa;Chordata;Craniata;Vertebrata;Euteleostomi;Actinopterygii;Neopterygii;Teleostei;Neoteleostei;Acanthomorphata;Eupercaria;Tetraodontiformes;Tetradontoidea;Tetraodontidae;Takifugu.
ARRVDIDSSKSRHHNIHI,449..466,449,17,XP_004070561,Oryzias latipes (Japanese medaka),solute carrier family 17 member 9,466,Eukaryota;Metazoa;Chordata;Craniata;Vertebrata;Euteleostomi;Actinopterygii;Neopterygii;Teleostei;Neoteleostei;Acanthomorphata;Ovalentaria;Atherinomorphae;Beloniformes;Adrianichthyidae;Oryziinae;Oryzias.
AHRLDLSPAHEDL,424..436,424,12,XP_004370244,Trichechus manatus latirostris (Florida manatee),solute carrier family 17 member 9,436,Eukaryota;Metazoa;Chordata;Craniata;Vertebrata;Euteleostomi;Mammalia;Eutheria;Afrotheria;Sirenia;Trichechidae;Trichechus.
none,0..0,0,439,XP_004518562,Ceratitis capitata (Mediterranean fruit fly),solute carrier family 17 member 9,439,Eukaryota;Metazoa;Ecdysozoa;Arthropoda;Hexapoda;Insecta;Pterygota;Neoptera;Holometabola;Diptera;Brachycera;Muscomorpha;Tephritoidea;Tephritidae;Ceratitis;Ceratitis.
ARRVDIDSTKFRHHNIHI,448..465,448,17,XP_004546077,Maylandia zebra (zebra mbuna),solute carrier family 17 member 9,465,Eukaryota;Metazoa;Chordata;Craniata;Vertebrata;Euteleostomi;Actinopterygii;Neopterygii;Teleostei;Neoteleostei;Acanthomorphata;Ovalentaria;Cichlomorphae;Cichliformes;Cichlidae;Africancichlids;Pseudocrenilabrinae;Haplochromini;Maylandia;Maylandiazebracomplex.
AQRVDLRPTHEDL,436..448,436,12,XP_004669555,Jaculus jaculus (lesser Egyptian jerboa),PREDICTED: solute carrier family 17 member 9,448,Eukaryota;Metazoa;Chordata;Craniata;Vertebrata;Euteleostomi;Mammalia;Eutheria;Euarchontoglires;Glires;Rodentia;Myomorpha;Dipodoidea;Dipodidae;Dipodinae;Jaculus.
AQRVDLAPAHEDL,435..447,435,12,XP_005074648,Mesocricetus auratus (golden hamster),solute carrier family 17 member 9,447,Eukaryota;Metazoa;Chordata;Craniata;Vertebrata;Euteleostomi;Mammalia;Eutheria;Euarchontoglires;Glires;Rodentia;Myomorpha;Muroidea;Cricetidae;Cricetinae;Mesocricetus.
AQRVDTDSAYMDL,436..448,436,12,XP_005146906,Melopsittacus undulatus (budgerigar),solute carrier family 17 member 9,448,Eukaryota;Metazoa;Chordata;Craniata;Vertebrata;Euteleostomi;Archelosauria;Archosauria;Dinosauria;Saurischia;Theropoda;Coelurosauria;Aves;Neognathae;Psittaciformes;Psittaculidae;Melopsittacus.
none,0..0,0,439,XP_005180821,Musca domestica (house fly),PREDICTED: solute carrier family 17 member 9,439,Eukaryota;Metazoa;Ecdysozoa;Arthropoda;Hexapoda;Insecta;Pterygota;Neoptera;Holometabola;Diptera;Brachycera;Muscomorpha;Muscoidea;Muscidae;Musca.
AQRVDLSPAHEDL,424..436,424,12,XP_005214763,Bos taurus (cattle),solute carrier family 17 member 9 isoform X2,436,Eukaryota;Metazoa;Chordata;Craniata;Vertebrata;Euteleostomi;Mammalia;Eutheria;Laurasiatheria;Cetartiodactyla;Ruminantia;Pecora;Bovidae;Bovinae;Bos.
AQRVDLSPAHEDL,424..436,424,12,XP_005325373,Ictidomys tridecemlineatus (thirteen-lined ground squirrel),solute carrier family 17 member 9,436,Eukaryota;Metazoa;Chordata;Craniata;Vertebrata;Euteleostomi;Mammalia;Eutheria;Euarchontoglires;Glires;Rodentia;Sciuromorpha;Sciuridae;Xerinae;Marmotini;Ictidomys.
AQRVDLTPDHEDL,435..447,435,12,XP_005362794,Microtus ochrogaster (prairie vole),solute carrier family 17 member 9,447,Eukaryota;Metazoa;Chordata;Craniata;Vertebrata;Euteleostomi;Mammalia;Eutheria;Euarchontoglires;Glires;Rodentia;Sciurognathi;Muroidea;Cricetidae;Arvicolinae;Microtus.
AQRVDTDSVYVDL,417..429,417,12,XP_005524863,Pseudopodoces humilis (Tibetan ground-tit),PREDICTED: solute carrier family 17 member 9,429,Eukaryota;Metazoa;Chordata;Craniata;Vertebrata;Euteleostomi;Archelosauria;Archosauria;Dinosauria;Saurischia;Theropoda;Coelurosauria;Aves;Neognathae;Passeriformes;Paridae;Pseudopodoces.
ARRVDIDSTKFRHHNIHI,448..465,448,17,XP_005740517,Pundamilia nyererei,PREDICTED: solute carrier family 17 member 9,465,Eukaryota;Metazoa;Chordata;Craniata;Vertebrata;Euteleostomi;Actinopterygii;Neopterygii;Teleostei;Neoteleostei;Acanthomorphata;Ovalentaria;Cichlomorphae;Cichliformes;Cichlidae;Africancichlids;Pseudocrenilabrinae;Haplochromini;Pundamilia.
ARRVDIDSSRVRHHSIHI,449..466,449,17,XP_005801728,Xiphophorus maculatus (southern platyfish),solute carrier family 17 member 9,466,Eukaryota;Metazoa;Chordata;Craniata;Vertebrata;Euteleostomi;Actinopterygii;Neopterygii;Teleostei;Neoteleostei;Acanthomorphata;Ovalentaria;Atherinomorphae;Cyprinodontiformes;Poeciliidae;Poeciliinae;Xiphophorus.
AQRVDLSPAHEDL,424..436,424,12,XP_005894048,Bos mutus (wild yak),PREDICTED: solute carrier family 17 member 9,436,Eukaryota;Metazoa;Chordata;Craniata;Vertebrata;Euteleostomi;Mammalia;Eutheria;Laurasiatheria;Cetartiodactyla;Ruminantia;Pecora;Bovidae;Bovinae;Bos.
ARRVDIDSTKFRHHNIHI,448..465,448,17,XP_005931863,Haplochromis burtoni (Burton's mouthbrooder),PREDICTED: solute carrier family 17 member 9,465,Eukaryota;Metazoa;Chordata;Craniata;Vertebrata;Euteleostomi;Actinopterygii;Neopterygii;Teleostei;Neoteleostei;Acanthomorphata;Ovalentaria;Cichlomorphae;Cichliformes;Cichlidae;Africancichlids;Pseudocrenilabrinae;Haplochromini;Haplochromis.
AQRVDLSPAHEDL,424..436,424,12,XP_006068912,Bubalus bubalis (water buffalo),solute carrier family 17 member 9,436,Eukaryota;Metazoa;Chordata;Craniata;Vertebrata;Euteleostomi;Mammalia;Eutheria;Laurasiatheria;Cetartiodactyla;Ruminantia;Pecora;Bovidae;Bovinae;Bubalus.
AQRVDLSPRQEDL,522..534,522,12,XP_006106723,Myotis lucifugus (little brown bat),solute carrier family 17 member 9,534,Eukaryota;Metazoa;Chordata;Craniata;Vertebrata;Euteleostomi;Mammalia;Eutheria;Laurasiatheria;Chiroptera;Microchiroptera;Vespertilionidae;Myotis.
none,0..0,0,432,XP_006235831,Rattus norvegicus (Norway rat),PREDICTED: solute carrier family 17 member 9 isoform X1,432,Eukaryota;Metazoa;Chordata;Craniata;Vertebrata;Euteleostomi;Mammalia;Eutheria;Euarchontoglires;Glires;Rodentia;Myomorpha;Muroidea;Muridae;Murinae;Rattus.
AQRVDLVPTHEDL,379..391,379,12,XP_006235833,Rattus norvegicus (Norway rat),PREDICTED: solute carrier family 17 member 9 isoform X2,391,Eukaryota;Metazoa;Chordata;Craniata;Vertebrata;Euteleostomi;Mammalia;Eutheria;Euarchontoglires;Glires;Rodentia;Myomorpha;Muroidea;Muridae;Murinae;Rattus.
ARRVDIETSKSKYHSIHI,449..466,449,17,XP_006639658,Lepisosteus oculatus (spotted gar),PREDICTED: solute carrier family 17 member 9,466,Eukaryota;Metazoa;Chordata;Craniata;Vertebrata;Euteleostomi;Actinopterygii;Neopterygii;Holostei;Semionotiformes;Lepisosteidae;Lepisosteus.
AQRVDLNPTHEDL,424..436,424,12,XP_006873416,Chrysochloris asiatica (Cape golden mole),PREDICTED: solute carrier family 17 member 9,436,Eukaryota;Metazoa;Chordata;Craniata;Vertebrata;Euteleostomi;Mammalia;Eutheria;Afrotheria;Chrysochloridae;Chrysochlorinae;Chrysochloris.
AQRVDVGPAHENL,424..436,424,12,XP_006896940,Elephantulus edwardii (Cape elephant shrew),PREDICTED: solute carrier family 17 member 9,436,Eukaryota;Metazoa;Chordata;Craniata;Vertebrata;Euteleostomi;Mammalia;Eutheria;Afrotheria;Macroscelidea;Macroscelididae;Elephantulus.
AQRVDLTPTHEDL,435..447,435,12,XP_006976129,Peromyscus maniculatus bairdii (prairie deer mouse),PREDICTED: solute carrier family 17 member 9,447,Eukaryota;Metazoa;Chordata;Craniata;Vertebrata;Euteleostomi;Mammalia;Eutheria;Euarchontoglires;Glires;Rodentia;Myomorpha;Muroidea;Cricetidae;Neotominae;Peromyscus.
AQRMDTDSAYIDL,453..465,453,12,XP_007059871,Chelonia mydas (Green sea turtle),solute carrier family 17 member 9,465,Eukaryota;Metazoa;Chordata;Craniata;Vertebrata;Euteleostomi;Archelosauria;Testudines;Cryptodira;Durocryptodira;Americhelydia;Chelonioidea;Cheloniidae;Chelonia.
AQRVDLSPTHEDL,520..532,520,12,XP_007185485,Balaenoptera acutorostrata scammoni,solute carrier family 17 member 9,532,Eukaryota;Metazoa;Chordata;Craniata;Vertebrata;Euteleostomi;Mammalia;Eutheria;Laurasiatheria;Cetartiodactyla;Cetacea;Mysticeti;Balaenopteridae;Balaenoptera.
none,0..0,0,435,XP_007462313,Lipotes vexillifer (Yangtze River dolphin),PREDICTED: solute carrier family 17 member 9,435,Eukaryota;Metazoa;Chordata;Craniata;Vertebrata;Euteleostomi;Mammalia;Eutheria;Laurasiatheria;Cetartiodactyla;Cetacea;Odontoceti;Lipotidae;Lipotes.
ARRVDIDSGRVRHHSIHI,449..466,449,17,XP_007557686,Poecilia formosa (Amazon molly),PREDICTED: solute carrier family 17 member 9,466,Eukaryota;Metazoa;Chordata;Craniata;Vertebrata;Euteleostomi;Actinopterygii;Neopterygii;Teleostei;Neoteleostei;Acanthomorphata;Ovalentaria;Atherinomorphae;Cyprinodontiformes;Poeciliidae;Poeciliinae;Poecilia.
none,0..0,0,454,XP_007909316,Callorhinchus milii (elephant shark),PREDICTED: solute carrier family 17 member 9,454,Eukaryota;Metazoa;Chordata;Craniata;Vertebrata;Chondrichthyes;Holocephali;Chimaeriformes;Callorhinchidae;Callorhinchus.
AQRVDLSPAREDL,424..436,424,12,XP_007952869,Orycteropus afer afer,PREDICTED: solute carrier family 17 member 9,436,Eukaryota;Metazoa;Chordata;Craniata;Vertebrata;Euteleostomi;Mammalia;Eutheria;Afrotheria;Tubulidentata;Orycteropodidae;Orycteropus.
ARRVDLNPSHQDL,424..436,424,12,XP_008067736,Carlito syrichta (Philippine tarsier),solute carrier family 17 member 9,436,Eukaryota;Metazoa;Chordata;Craniata;Vertebrata;Euteleostomi;Mammalia;Eutheria;Euarchontoglires;Primates;Haplorrhini;Tarsiiformes;Tarsiidae;Carlito.
AHRVDTDNVYVDL,459..471,459,12,XP_008108385,Anolis carolinensis (green anole),PREDICTED: solute carrier family 17 member 9,471,Eukaryota;Metazoa;Chordata;Craniata;Vertebrata;Euteleostomi;Lepidosauria;Squamata;Bifurcata;Unidentata;Episquamata;Toxicofera;Iguania;Dactyloidae;Anolis.
ARRVDIDSSRVRHHNIHI,449..466,449,17,XP_008276052,Stegastes partitus (bicolor damselfish),PREDICTED: solute carrier family 17 member 9,466,Eukaryota;Metazoa;Chordata;Craniata;Vertebrata;Euteleostomi;Actinopterygii;Neopterygii;Teleostei;Neoteleostei;Acanthomorphata;Ovalentaria;Pomacentridae;Stegastes.
none,0..0,0,451,XP_008317742,Cynoglossus semilaevis (tongue sole),solute carrier family 17 member 9,451,Eukaryota;Metazoa;Chordata;Craniata;Vertebrata;Euteleostomi;Actinopterygii;Neopterygii;Teleostei;Euteleostei;Neoteleostei;Acanthomorpha;Acanthopterygii;Percomorpha;Pleuronectiformes;Soleoidei;Cynoglossidae;Cynoglossinae;Cynoglossus.
none,0..0,0,435,XP_008547280,Microplitis demolitor,PREDICTED: solute carrier family 17 member 9,435,Eukaryota;Metazoa;Ecdysozoa;Arthropoda;Hexapoda;Insecta;Pterygota;Neoptera;Holometabola;Hymenoptera;Apocrita;Terebrantes;Ichneumonoidea;Braconidae;Microgastrinae;Microplitis.
AQRVDLSPTHEDL,424..436,424,12,XP_008578027,Galeopterus variegatus (Sunda flying lemur),PREDICTED: solute carrier family 17 member 9,436,Eukaryota;Metazoa;Chordata;Craniata;Vertebrata;Euteleostomi;Mammalia;Eutheria;Euarchontoglires;Dermoptera;Cynocephalidae;Galeopterus.
AQRVDTDSAYMDL,404..416,404,12,XP_008935182,Merops nubicus (carmine bee-eater),PREDICTED: solute carrier family 17 member 9 partial,416,Eukaryota;Metazoa;Chordata;Craniata;Vertebrata;Euteleostomi;Archelosauria;Archosauria;Dinosauria;Saurischia;Theropoda;Coelurosauria;Aves;Neognathae;Coraciiformes;Meropidae;Merops.
AQRVDTDSAYMDL,404..416,404,12,XP_009075776,Acanthisitta chloris (rifleman),PREDICTED: solute carrier family 17 member 9 partial,416,Eukaryota;Metazoa;Chordata;Craniata;Vertebrata;Euteleostomi;Archelosauria;Archosauria;Dinosauria;Saurischia;Theropoda;Coelurosauria;Aves;Neognathae;Passeriformes;Acanthisittidae;Acanthisitta.
AQRVDTDSAYMDL,422..434,422,12,XP_009325164,Pygoscelis adeliae (Adelie penguin),PREDICTED: solute carrier family 17 member 9,434,Eukaryota;Metazoa;Chordata;Craniata;Vertebrata;Euteleostomi;Archelosauria;Archosauria;Dinosauria;Saurischia;Theropoda;Coelurosauria;Aves;Neognathae;Sphenisciformes;Spheniscidae;Pygoscelis.
AQRVDTDSAYMDL,457..469,457,12,XP_009459899,Nipponia nippon (crested ibis),PREDICTED: solute carrier family 17 member 9,469,Eukaryota;Metazoa;Chordata;Craniata;Vertebrata;Euteleostomi;Archelosauria;Archosauria;Dinosauria;Saurischia;Theropoda;Coelurosauria;Aves;Neognathae;Pelecaniformes;Threskiornithidae;Nipponia.
AQRVDTDSTYMDL,360..372,360,12,XP_009482842,Pelecanus crispus (Dalmatian pelican),PREDICTED: solute carrier family 17 member 9 partial,372,Eukaryota;Metazoa;Chordata;Craniata;Vertebrata;Euteleostomi;Archelosauria;Archosauria;Dinosauria;Saurischia;Theropoda;Coelurosauria;Aves;Neognathae;Pelecaniformes;Pelecanidae;Pelecanus.
none,0..0,0,289,XP_009511455,Phalacrocorax carbo (great cormorant),,289,Eukaryota;Metazoa;Chordata;Craniata;Vertebrata;Euteleostomi;Archelosauria;Archosauria;Dinosauria;Saurischia;Theropoda;Coelurosauria;Aves;Neognathae;Pelecaniformes;Phalacrocoracidae;Phalacrocorax.
AQRVDTDSAYVDL,414..426,414,12,XP_009561377,Cuculus canorus (common cuckoo),PREDICTED: solute carrier family 17 member 9,426,Eukaryota;Metazoa;Chordata;Craniata;Vertebrata;Euteleostomi;Archelosauria;Archosauria;Dinosauria;Saurischia;Theropoda;Coelurosauria;Aves;Neognathae;Cuculiformes;Cuculidae;Cuculus.
AQRVDTDSAYMDL,404..416,404,12,XP_009584948,Fulmarus glacialis (Northern fulmar),PREDICTED: solute carrier family 17 member 9 partial,416,Eukaryota;Metazoa;Chordata;Craniata;Vertebrata;Euteleostomi;Archelosauria;Archosauria;Dinosauria;Saurischia;Theropoda;Coelurosauria;Aves;Neognathae;Procellariiformes;Procellariidae;Fulmarus.
AQRVDTDSAYVDL,421..433,421,12,XP_009642016,Egretta garzetta (little egret),PREDICTED: solute carrier family 17 member 9,433,Eukaryota;Metazoa;Chordata;Craniata;Vertebrata;Euteleostomi;Archelosauria;Archosauria;Dinosauria;Saurischia;Theropoda;Coelurosauria;Aves;Neognathae;Pelecaniformes;Ardeidae;Egretta.
AQRVDTDSAYIDL,437..449,437,12,XP_009669850,Struthio camelus australis,PREDICTED: solute carrier family 17 member 9,449,Eukaryota;Metazoa;Chordata;Craniata;Vertebrata;Euteleostomi;Archelosauria;Archosauria;Dinosauria;Saurischia;Theropoda;Coelurosauria;Aves;Palaeognathae;Struthioniformes;Struthionidae;Struthio.
AQRVDTDSAYMDL,404..416,404,12,XP_009699186,Cariama cristata (Red-legged seriema),PREDICTED: solute carrier family 17 member 9 partial,416,Eukaryota;Metazoa;Chordata;Craniata;Vertebrata;Euteleostomi;Archelosauria;Archosauria;Dinosauria;Saurischia;Theropoda;Coelurosauria;Aves;Neognathae;Cariamiformes;Cariamidae;Cariama.
AQRLDTDSEYMDL,404..416,404,12,XP_009868862,Apaloderma vittatum (bar-tailed trogon),PREDICTED: solute carrier family 17 member 9 partial,416,Eukaryota;Metazoa;Chordata;Craniata;Vertebrata;Euteleostomi;Archelosauria;Archosauria;Dinosauria;Saurischia;Theropoda;Coelurosauria;Aves;Neognathae;Trogoniformes;Trogonidae;Apaloderma.
AQRVDTDSAYVDL,463..475,463,12,XP_009891878,Charadrius vociferus (killdeer),PREDICTED: solute carrier family 17 member 9,475,Eukaryota;Metazoa;Chordata;Craniata;Vertebrata;Euteleostomi;Archelosauria;Archosauria;Dinosauria;Saurischia;Theropoda;Coelurosauria;Aves;Neognathae;Charadriiformes;Charadriidae;Charadrius.
AQRVDTDSAYVDL,423..435,423,12,XP_009908277,Picoides pubescens (Downy woodpecker),PREDICTED: solute carrier family 17 member 9,435,Eukaryota;Metazoa;Chordata;Craniata;Vertebrata;Euteleostomi;Archelosauria;Archosauria;Dinosauria;Saurischia;Theropoda;Coelurosauria;Aves;Neognathae;Piciformes;Picidae;Picoides.
AQRMDTDSEYMDL,468..480,468,12,XP_009932256,Opisthocomus hoazin,PREDICTED: solute carrier family 17 member 9,480,Eukaryota;Metazoa;Chordata;Craniata;Vertebrata;Euteleostomi;Archelosauria;Archosauria;Dinosauria;Saurischia;Theropoda;Coelurosauria;Aves;Neognathae;Opisthocomiformes;Opisthocomidae;Opisthocomus.
AQRVDTDYACMDL,404..416,404,12,XP_009960042,Leptosomus discolor (cuckoo roller),PREDICTED: solute carrier family 17 member 9 partial,416,Eukaryota;Metazoa;Chordata;Craniata;Vertebrata;Euteleostomi;Archelosauria;Archosauria;Dinosauria;Saurischia;Theropoda;Coelurosauria;Aves;Neognathae;Coraciiformes;Leptosomidae;Leptosomus.
AQRVDTDSANVDL,420..432,420,12,XP_009981057,Tauraco erythrolophus (red-crested turaco),PREDICTED: solute carrier family 17 member 9 partial,432,Eukaryota;Metazoa;Chordata;Craniata;Vertebrata;Euteleostomi;Archelosauria;Archosauria;Dinosauria;Saurischia;Theropoda;Coelurosauria;Aves;Neognathae;Musophagiformes;Musophagidae;Tauraco.
AQRVDTDSVYMDL,433..445,433,12,XP_009997026,Chaetura pelagica (chimney swift),PREDICTED: solute carrier family 17 member 9,445,Eukaryota;Metazoa;Chordata;Craniata;Vertebrata;Euteleostomi;Archelosauria;Archosauria;Dinosauria;Saurischia;Theropoda;Coelurosauria;Aves;Neognathae;Apodiformes;Apodidae;Chaetura.
AQRVDTDSAYMDL,414..426,414,12,XP_010012138,Nestor notabilis (Kea),PREDICTED: solute carrier family 17 member 9 partial,426,Eukaryota;Metazoa;Chordata;Craniata;Vertebrata;Euteleostomi;Archelosauria;Archosauria;Dinosauria;Saurischia;Theropoda;Coelurosauria;Aves;Neognathae;Psittaciformes;Psittacidae;Nestor.
AQRLDTDSAYMDL,404..416,404,12,XP_010074320,Pterocles gutturalis (yellow-throated sandgrouse),PREDICTED: solute carrier family 17 member 9 partial,416,Eukaryota;Metazoa;Chordata;Craniata;Vertebrata;Euteleostomi;Archelosauria;Archosauria;Dinosauria;Saurischia;Theropoda;Coelurosauria;Aves;Neognathae;Ciconiiformes;Pteroclidae;Pterocles.
AQRVDTDSAYMDL,404..416,404,12,XP_010118751,Chlamydotis macqueenii (Macqueen's bustard),PREDICTED: solute carrier family 17 member 9 partial,416,Eukaryota;Metazoa;Chordata;Craniata;Vertebrata;Euteleostomi;Archelosauria;Archosauria;Dinosauria;Saurischia;Theropoda;Coelurosauria;Aves;Neognathae;Gruiformes;Otididae;Chlamydotis.
AQRLDTDSAYMDL,396..408,396,12,XP_010132558,Buceros rhinoceros silvestris,PREDICTED: solute carrier family 17 member 9,408,Eukaryota;Metazoa;Chordata;Craniata;Vertebrata;Euteleostomi;Archelosauria;Archosauria;Dinosauria;Saurischia;Theropoda;Coelurosauria;Aves;Neognathae;Bucerotiformes;Bucerotidae;Buceros.
AQRVDTDSAYMDL,396..408,396,12,XP_010184421,Mesitornis unicolor (brown roatelo),PREDICTED: solute carrier family 17 member 9,408,Eukaryota;Metazoa;Chordata;Craniata;Vertebrata;Euteleostomi;Archelosauria;Archosauria;Dinosauria;Saurischia;Theropoda;Coelurosauria;Aves;Neognathae;Gruiformes;Mesitornithidae;Mesitornis.
AQRVDTDSVYMDL,420..432,420,12,XP_010198526,Colius striatus (speckled mousebird),PREDICTED: solute carrier family 17 member 9 partial,432,Eukaryota;Metazoa;Chordata;Craniata;Vertebrata;Euteleostomi;Archelosauria;Archosauria;Dinosauria;Saurischia;Theropoda;Coelurosauria;Aves;Neognathae;Coliiformes;Coliidae;Colius.
AQRVDTDSACMEL,406..418,406,12,XP_010211138,Tinamus guttatus (white-throated tinamou),PREDICTED: solute carrier family 17 member 9,418,Eukaryota;Metazoa;Chordata;Craniata;Vertebrata;Euteleostomi;Archelosauria;Archosauria;Dinosauria;Saurischia;Theropoda;Coelurosauria;Aves;Palaeognathae;Tinamiformes;Tinamidae;Tinamus.
none,0..0,0,344,XP_010289447,Phaethon lepturus (White-tailed tropicbird),PREDICTED: solute carrier family 17 member 9 partial,344,Eukaryota;Metazoa;Chordata;Craniata;Vertebrata;Euteleostomi;Archelosauria;Archosauria;Dinosauria;Saurischia;Theropoda;Coelurosauria;Aves;Neognathae;Pelecaniformes;Phaethontidae;Phaethon.
AQRVDTDSAYMDL,404..416,404,12,XP_010298087,Balearica regulorum gibbericeps (East African grey crowned-crane),PREDICTED: solute carrier family 17 member 9 partial,416,Eukaryota;Metazoa;Chordata;Craniata;Vertebrata;Euteleostomi;Archelosauria;Archosauria;Dinosauria;Saurischia;Theropoda;Coelurosauria;Aves;Neognathae;Gruiformes;Gruidae;Balearica.
AQRVDTDSAYVDL,441..453,441,12,XP_010567831,Haliaeetus leucocephalus (bald eagle),PREDICTED: solute carrier family 17 member 9,453,Eukaryota;Metazoa;Chordata;Craniata;Vertebrata;Euteleostomi;Archelosauria;Archosauria;Dinosauria;Saurischia;Theropoda;Coelurosauria;Aves;Neognathae;Falconiformes;Accipitridae;Accipitrinae;Haliaeetus.
AQRVDTDSAYIDM,225..237,225,12,XP_010720717,Meleagris gallopavo (turkey),solute carrier family 17 member 9,237,Eukaryota;Metazoa;Chordata;Craniata;Vertebrata;Euteleostomi;Archelosauria;Archosauria;Dinosauria;Saurischia;Theropoda;Coelurosauria;Aves;Neognathae;Galloanserae;Galliformes;Phasianidae;Meleagridinae;Meleagris.
ARRVDLQDSCPVITL,444..458,444,14,XP_010752899,Larimichthys crocea (large yellow croaker),solute carrier family 17 member 9,458,Eukaryota;Metazoa;Chordata;Craniata;Vertebrata;Euteleostomi;Actinopterygii;Neopterygii;Teleostei;Neoteleostei;Acanthomorphata;Eupercaria;Sciaenidae;Larimichthys.
ARRVDIDYSKVRHHNIQI,449..466,449,17,XP_010788568,Notothenia coriiceps (black rockcod),PREDICTED: solute carrier family 17 member 9,466,Eukaryota;Metazoa;Chordata;Craniata;Vertebrata;Euteleostomi;Actinopterygii;Neopterygii;Teleostei;Neoteleostei;Acanthomorphata;Eupercaria;Perciformes;Notothenioidei;Nototheniidae;Notothenia.
AQRVDLSPAHEDL,547..559,547,12,XP_010834955,Bison bison bison,PREDICTED: solute carrier family 17 member 9,559,Eukaryota;Metazoa;Chordata;Craniata;Vertebrata;Euteleostomi;Mammalia;Eutheria;Laurasiatheria;Cetartiodactyla;Ruminantia;Pecora;Bovidae;Bovinae;Bison.
AQRVDLSPTHEDL,401..413,401,12,XP_010952673,Camelus bactrianus (Bactrian camel),PREDICTED: solute carrier family 17 member 9,413,Eukaryota;Metazoa;Chordata;Craniata;Vertebrata;Euteleostomi;Mammalia;Eutheria;Laurasiatheria;Cetartiodactyla;Tylopoda;Camelidae;Camelus.
none,0..0,0,424,XP_011049204,Acromyrmex echinatior (Panamanian leafcutter ant),PREDICTED: solute carrier family 17 member 9,424,Eukaryota;Metazoa;Ecdysozoa;Arthropoda;Hexapoda;Insecta;Pterygota;Neoptera;Holometabola;Hymenoptera;Apocrita;Aculeata;Vespoidea;Formicidae;Myrmicinae;Acromyrmex.
none,0..0,0,423,XP_011151944,Harpegnathos saltator (Jerdon's jumping ant),solute carrier family 17 member 9,423,Eukaryota;Metazoa;Ecdysozoa;Arthropoda;Hexapoda;Insecta;Pterygota;Neoptera;Holometabola;Hymenoptera;Apocrita;Aculeata;Formicoidea;Formicidae;Ponerinae;Ponerini;Harpegnathos.
none,0..0,0,424,XP_011159590,Solenopsis invicta (red fire ant),solute carrier family 17 member 9,424,Eukaryota;Metazoa;Ecdysozoa;Arthropoda;Hexapoda;Insecta;Pterygota;Neoptera;Holometabola;Hymenoptera;Apocrita;Aculeata;Formicoidea;Formicidae;Myrmicinae;Solenopsis.
none,0..0,0,439,XP_011190503,Zeugodacus cucurbitae (melon fly),solute carrier family 17 member 9,439,Eukaryota;Metazoa;Ecdysozoa;Arthropoda;Hexapoda;Insecta;Pterygota;Neoptera;Holometabola;Diptera;Brachycera;Muscomorpha;Tephritoidea;Tephritidae;Zeugodacus;Zeugodacus.
none,0..0,0,415,XP_011214214,Bactrocera dorsalis (oriental fruit fly),solute carrier family 17 member 9,415,Eukaryota;Metazoa;Ecdysozoa;Arthropoda;Hexapoda;Insecta;Pterygota;Neoptera;Holometabola;Diptera;Brachycera;Muscomorpha;Tephritoidea;Tephritidae;Bactrocera;Bactrocera.
none,0..0,0,436,XP_011312604,Fopius arisanus,PREDICTED: solute carrier family 17 member 9,436,Eukaryota;Metazoa;Ecdysozoa;Arthropoda;Hexapoda;Insecta;Pterygota;Neoptera;Holometabola;Hymenoptera;Apocrita;Terebrantes;Ichneumonoidea;Braconidae;Opiinae;Fopius.
none,0..0,0,424,XP_011331867,Ooceraea biroi (clonal raider ant),solute carrier family 17 member 9,424,Eukaryota;Metazoa;Ecdysozoa;Arthropoda;Hexapoda;Insecta;Pterygota;Neoptera;Holometabola;Hymenoptera;Apocrita;Aculeata;Formicoidea;Formicidae;Dorylinae;Ooceraea.
AQRVDLSPSREDL,473..485,473,12,XP_011372437,Pteropus vampyrus (large flying fox),solute carrier family 17 member 9,485,Eukaryota;Metazoa;Chordata;Craniata;Vertebrata;Euteleostomi;Mammalia;Eutheria;Laurasiatheria;Chiroptera;Megachiroptera;Pteropodidae;Pteropodinae;Pteropus.
none,0..0,0,417,XP_011502869,Ceratosolen solmsi marchali,PREDICTED: solute carrier family 17 member 9,417,Eukaryota;Metazoa;Ecdysozoa;Arthropoda;Hexapoda;Insecta;Pterygota;Neoptera;Holometabola;Hymenoptera;Apocrita;Terebrantes;Chalcidoidea;Agaonidae;Agaoninae;Ceratosolen.
AQRVDLSSTHEDL,304..316,304,12,XP_011527280,Homo sapiens (human),solute carrier family 17 member 9 isoform X1,316,Eukaryota;Metazoa;Chordata;Craniata;Vertebrata;Euteleostomi;Mammalia;Eutheria;Euarchontoglires;Primates;Haplorrhini;Catarrhini;Hominidae;Homo.
none,0..0,0,425,XP_011698617,Wasmannia auropunctata (little fire ant),PREDICTED: solute carrier family 17 member 9,425,Eukaryota;Metazoa;Ecdysozoa;Arthropoda;Hexapoda;Insecta;Pterygota;Neoptera;Holometabola;Hymenoptera;Apocrita;Aculeata;Vespoidea;Formicidae;Myrmicinae;Wasmannia.
AQRVDLSSTHEDL,407..419,407,12,XP_011789933,Colobus angolensis palliatus,PREDICTED: solute carrier family 17 member 9,419,Eukaryota;Metazoa;Chordata;Craniata;Vertebrata;Euteleostomi;Mammalia;Eutheria;Euarchontoglires;Primates;Haplorrhini;Catarrhini;Cercopithecidae;Colobinae;Colobus.
AQRVDLSSTHEDL,425..437,425,12,XP_011847822,Mandrillus leucophaeus (drill),PREDICTED: solute carrier family 17 member 9,437,Eukaryota;Metazoa;Chordata;Craniata;Vertebrata;Euteleostomi;Mammalia;Eutheria;Euarchontoglires;Primates;Haplorrhini;Catarrhini;Cercopithecidae;Cercopithecinae;Mandrillus.
none,0..0,0,423,XP_011860014,Vollenhovia emeryi,PREDICTED: solute carrier family 17 member 9,423,Eukaryota;Metazoa;Ecdysozoa;Arthropoda;Hexapoda;Insecta;Pterygota;Neoptera;Holometabola;Hymenoptera;Apocrita;Aculeata;Vespoidea;Formicidae;Myrmicinae;Vollenhovia.
none,0..0,0,425,XP_012059366,Atta cephalotes,PREDICTED: solute carrier family 17 member 9,425,Eukaryota;Metazoa;Ecdysozoa;Arthropoda;Hexapoda;Insecta;Pterygota;Neoptera;Holometabola;Hymenoptera;Apocrita;Aculeata;Vespoidea;Formicidae;Myrmicinae;Atta.
none,0..0,0,427,XP_012216874,Linepithema humile (Argentine ant),PREDICTED: solute carrier family 17 member 9,427,Eukaryota;Metazoa;Ecdysozoa;Arthropoda;Hexapoda;Insecta;Pterygota;Neoptera;Holometabola;Hymenoptera;Apocrita;Aculeata;Vespoidea;Formicidae;Dolichoderinae;Linepithema.
none,0..0,0,433,XP_012255342,Athalia rosae (coleseed sawfly),solute carrier family 17 member 9,433,Eukaryota;Metazoa;Ecdysozoa;Arthropoda;Hexapoda;Insecta;Pterygota;Neoptera;Holometabola;Hymenoptera;Tenthredinoidea;Tenthredinidae;Allantinae;Athalia.
none,0..0,0,420,XP_012281033,Orussus abietinus,solute carrier family 17 member 9,420,Eukaryota;Metazoa;Ecdysozoa;Arthropoda;Hexapoda;Insecta;Pterygota;Neoptera;Holometabola;Hymenoptera;Orussoidea;Orussidae;Orussus.
AQRVDLSPTHEDL,427..439,427,12,XP_012421261,Odobenus rosmarus divergens (Pacific walrus),PREDICTED: solute carrier family 17 member 9,439,Eukaryota;Metazoa;Chordata;Craniata;Vertebrata;Euteleostomi;Mammalia;Eutheria;Laurasiatheria;Carnivora;Caniformia;Odobenidae;Odobenus.
AQRVDLSPTHEDL,424..436,424,12,XP_012659420,Otolemur garnettii (small-eared galago),solute carrier family 17 member 9,436,Eukaryota;Metazoa;Chordata;Craniata;Vertebrata;Euteleostomi;Mammalia;Eutheria;Euarchontoglires;Primates;Strepsirrhini;Lorisiformes;Galagidae;Otolemur.
ARRVDIDGAKPRYHNIHI,448..465,448,17,XP_012690457,Clupea harengus (Atlantic herring),solute carrier family 17 member 9,465,Eukaryota;Metazoa;Chordata;Craniata;Vertebrata;Euteleostomi;Actinopterygii;Neopterygii;Teleostei;Clupei;Clupeiformes;Clupeoidei;Clupeidae;Clupea.
none,0..0,0,470,XP_012796951,Schistosoma haematobium,Solute carrier family 17 member 9,470,Eukaryota;Metazoa;Platyhelminthes;Trematoda;Digenea;Strigeidida;Schistosomatoidea;Schistosomatidae;Schistosoma.
AQRVDLSPAHEDL,518..530,518,12,XP_012915577,Mustela putorius furo (domestic ferret),PREDICTED: solute carrier family 17 member 9 partial,530,Eukaryota;Metazoa;Chordata;Craniata;Vertebrata;Euteleostomi;Mammalia;Eutheria;Laurasiatheria;Carnivora;Caniformia;Mustelidae;Mustelinae;Mustela.
AQRVDTDSAYIDL,398..410,398,12,XP_013044466,Anser cygnoides domesticus,PREDICTED: solute carrier family 17 member 9,410,Eukaryota;Metazoa;Chordata;Craniata;Vertebrata;Euteleostomi;Archelosauria;Archosauria;Dinosauria;Saurischia;Theropoda;Coelurosauria;Aves;Neognathae;Galloanserae;Anseriformes;Anatidae;Anser.
none,0..0,0,439,XP_013116347,Stomoxys calcitrans (stable fly),PREDICTED: solute carrier family 17 member 9,439,Eukaryota;Metazoa;Ecdysozoa;Arthropoda;Hexapoda;Insecta;Pterygota;Neoptera;Holometabola;Diptera;Brachycera;Muscomorpha;Muscoidea;Muscidae;Stomoxys.
AQRVDTDSAYIDL,737..749,737,12,XP_013809020,Apteryx mantelli mantelli,PREDICTED: solute carrier family 17 member 9,749,Eukaryota;Metazoa;Chordata;Craniata;Vertebrata;Euteleostomi;Archelosauria;Archosauria;Dinosauria;Saurischia;Theropoda;Coelurosauria;Aves;Palaeognathae;Apterygiformes;Apterygidae;Apteryx;Apteryxmantelli.
ARRVDIDSSKLRHNIHI,449..465,449,16,XP_013872232,Austrofundulus limnaeus,PREDICTED: solute carrier family 17 member 9,465,Eukaryota;Metazoa;Chordata;Craniata;Vertebrata;Euteleostomi;Actinopterygii;Neopterygii;Teleostei;Neoteleostei;Acanthomorphata;Ovalentaria;Atherinomorphae;Cyprinodontiformes;Rivulidae;Austrofundulus.
none,0..0,0,439,XP_014103160,Bactrocera oleae (olive fruit fly),PREDICTED: solute carrier family 17 member 9,439,Eukaryota;Metazoa;Ecdysozoa;Arthropoda;Hexapoda;Insecta;Pterygota;Neoptera;Holometabola;Diptera;Brachycera;Muscomorpha;Tephritoidea;Tephritidae;Bactrocera;Daculus.
AQRVDTGSVYVDL,413..425,413,12,XP_014162953,Geospiza fortis (medium ground-finch),solute carrier family 17 member 9,425,Eukaryota;Metazoa;Chordata;Craniata;Vertebrata;Euteleostomi;Archelosauria;Archosauria;Dinosauria;Saurischia;Theropoda;Coelurosauria;Aves;Neognathae;Passeriformes;Thraupidae;Geospiza.
none,0..0,0,414,XP_014204480,Copidosoma floridanum,solute carrier family 17 member 9,414,Eukaryota;Metazoa;Ecdysozoa;Arthropoda;Hexapoda;Insecta;Pterygota;Neoptera;Holometabola;Hymenoptera;Apocrita;Terebrantes;Chalcidoidea;Encyrtidae;Encyrtinae;Copidosoma.
none,0..0,0,418,XP_014232854,Trichogramma pretiosum,solute carrier family 17 member 9,418,Eukaryota;Metazoa;Ecdysozoa;Arthropoda;Hexapoda;Insecta;Pterygota;Neoptera;Holometabola;Hymenoptera;Apocrita;Terebrantes;Chalcidoidea;Trichogrammatidae;Trichogramma.
AQRVDIDTSNAKQQNTSI,342..359,342,17,XP_014342411,Latimeria chalumnae (coelacanth),PREDICTED: solute carrier family 17 member 9,359,Eukaryota;Metazoa;Chordata;Craniata;Vertebrata;Euteleostomi;Coelacanthiformes;Coelacanthidae;Latimeria.
none,0..0,0,425,XP_014477312,Dinoponera quadriceps,PREDICTED: solute carrier family 17 member 9,425,Eukaryota;Metazoa;Ecdysozoa;Arthropoda;Hexapoda;Insecta;Pterygota;Neoptera;Holometabola;Hymenoptera;Apocrita;Aculeata;Vespoidea;Formicidae;Ponerinae;Ponerini;Dinoponera.
AKRVDLSPAHEDL,442..454,442,12,XP_014704638,Equus asinus (ass),PREDICTED: solute carrier family 17 member 9,454,Eukaryota;Metazoa;Chordata;Craniata;Vertebrata;Euteleostomi;Mammalia;Eutheria;Laurasiatheria;Perissodactyla;Equidae;Equus.
AQRVDTHSVYVDL,436..448,436,12,XP_014729268,Sturnus vulgaris (Common starling),PREDICTED: solute carrier family 17 member 9,448,Eukaryota;Metazoa;Chordata;Craniata;Vertebrata;Euteleostomi;Archelosauria;Archosauria;Dinosauria;Saurischia;Theropoda;Coelurosauria;Aves;Neognathae;Passeriformes;Sturnidae;Sturnus.
AQRVDTDSAYMDL,443..455,443,12,XP_014810028,Calidris pugnax (ruff),PREDICTED: solute carrier family 17 member 9,455,Eukaryota;Metazoa;Chordata;Craniata;Vertebrata;Euteleostomi;Archelosauria;Archosauria;Dinosauria;Saurischia;Theropoda;Coelurosauria;Aves;Neognathae;Charadriiformes;Scolopacidae;Calidris.
ARRVDIDSGRVRHHSIHI,449..466,449,17,XP_014853961,Poecilia mexicana,PREDICTED: solute carrier family 17 member 9,466,Eukaryota;Metazoa;Chordata;Craniata;Vertebrata;Euteleostomi;Actinopterygii;Neopterygii;Teleostei;Neoteleostei;Acanthomorphata;Ovalentaria;Atherinomorphae;Cyprinodontiformes;Poeciliidae;Poeciliinae;Poecilia.
ARRVDIDSGRVRHHSIHI,449..466,449,17,XP_014900176,Poecilia latipinna (sailfin molly),PREDICTED: solute carrier family 17 member 9,466,Eukaryota;Metazoa;Chordata;Craniata;Vertebrata;Euteleostomi;Actinopterygii;Neopterygii;Teleostei;Neoteleostei;Acanthomorphata;Ovalentaria;Atherinomorphae;Cyprinodontiformes;Poeciliidae;Poeciliinae;Poecilia.
none,0..0,0,437,XP_015121653,Diachasma alloeum,solute carrier family 17 member 9,437,Eukaryota;Metazoa;Ecdysozoa;Arthropoda;Hexapoda;Insecta;Pterygota;Neoptera;Holometabola;Hymenoptera;Apocrita;Parasitoida;Ichneumonoidea;Braconidae;Opiinae;Diachasma.
none,0..0,0,545,XP_015151868,Gallus gallus (chicken),solute carrier family 17 member 9 isoform X1,545,Eukaryota;Metazoa;Chordata;Craniata;Vertebrata;Euteleostomi;Archelosauria;Archosauria;Dinosauria;Saurischia;Theropoda;Coelurosauria;Aves;Neognathae;Galloanserae;Galliformes;Phasianidae;Phasianinae;Gallus.
AQRVDTDSAYIDL,528..540,528,12,XP_015151869,Gallus gallus (chicken),solute carrier family 17 member 9 isoform X3,540,Eukaryota;Metazoa;Chordata;Craniata;Vertebrata;Euteleostomi;Archelosauria;Archosauria;Dinosauria;Saurischia;Theropoda;Coelurosauria;Aves;Neognathae;Galloanserae;Galliformes;Phasianidae;Phasianinae;Gallus.
ARRFDIDSSRVRHNSIHI,448..465,448,17,XP_015247944,Cyprinodon variegatus (sheepshead minnow),PREDICTED: solute carrier family 17 member 9,465,Eukaryota;Metazoa;Chordata;Craniata;Vertebrata;Euteleostomi;Actinopterygii;Neopterygii;Teleostei;Neoteleostei;Acanthomorphata;Ovalentaria;Atherinomorphae;Cyprinodontiformes;Cyprinodontidae;Cyprinodon.
AQRVDTDSAYIDL,458..470,458,12,XP_015265818,Gekko japonicus,PREDICTED: solute carrier family 17 member 9,470,Eukaryota;Metazoa;Chordata;Craniata;Vertebrata;Euteleostomi;Lepidosauria;Squamata;Bifurcata;Gekkota;Gekkonidae;Gekkoninae;Gekko.
AQRVDLSPTHEDL,486..498,486,12,XP_015395186,Panthera tigris altaica (Amur tiger),PREDICTED: solute carrier family 17 member 9,498,Eukaryota;Metazoa;Chordata;Craniata;Vertebrata;Euteleostomi;Mammalia;Eutheria;Laurasiatheria;Carnivora;Feliformia;Felidae;Pantherinae;Panthera.
none,0..0,0,425,XP_015431536,Dufourea novaeangliae,PREDICTED: solute carrier family 17 member 9,425,Eukaryota;Metazoa;Ecdysozoa;Arthropoda;Hexapoda;Insecta;Pterygota;Neoptera;Holometabola;Hymenoptera;Apocrita;Aculeata;Apoidea;Halictidae;Rophitinae;Dufourea.
none,0..0,0,435,XP_015515629,Neodiprion lecontei (redheaded pine sawfly),PREDICTED: solute carrier family 17 member 9,435,Eukaryota;Metazoa;Ecdysozoa;Arthropoda;Hexapoda;Insecta;Pterygota;Neoptera;Holometabola;Hymenoptera;Tenthredinoidea;Diprionidae;Diprioninae;Neodiprion.
none,0..0,0,425,XP_015608798,Cephus cinctus (wheat stem sawfly),solute carrier family 17 member 9,425,Eukaryota;Metazoa;Ecdysozoa;Arthropoda;Hexapoda;Insecta;Pterygota;Neoptera;Endopterygota;Hymenoptera;Cephoidea;Cephidae;Cephus.
AQRMDLDPAYTDL,457..469,457,12,XP_015680966,Protobothrops mucrosquamatus,solute carrier family 17 member 9,469,Eukaryota;Metazoa;Chordata;Craniata;Vertebrata;Euteleostomi;Lepidosauria;Squamata;Bifurcata;Unidentata;Episquamata;Toxicofera;Serpentes;Colubroidea;Viperidae;Crotalinae;Protobothrops.
ARRVDIDSSKVRHHNIHI,448..465,448,17,XP_015823585,Nothobranchius furzeri (turquoise killifish),PREDICTED: solute carrier family 17 member 9,465,Eukaryota;Metazoa;Chordata;Craniata;Vertebrata;Euteleostomi;Actinopterygii;Neopterygii;Teleostei;Neoteleostei;Acanthomorphata;Ovalentaria;Atherinomorphae;Cyprinodontiformes;Nothobranchiidae;Nothobranchius.
AQRVDQSASHENL,424..436,424,12,XP_016042416,Erinaceus europaeus (western European hedgehog),PREDICTED: solute carrier family 17 member 9,436,Eukaryota;Metazoa;Chordata;Craniata;Vertebrata;Euteleostomi;Mammalia;Eutheria;Laurasiatheria;Insectivora;Erinaceidae;Erinaceinae;Erinaceus.
AQRVDLSPSHEDL,424..436,424,12,XP_016058720,Miniopterus natalensis,PREDICTED: solute carrier family 17 member 9,436,Eukaryota;Metazoa;Chordata;Craniata;Vertebrata;Euteleostomi;Mammalia;Eutheria;Laurasiatheria;Chiroptera;Microchiroptera;Vespertilionidae;Miniopterinae;Miniopterus.
AQRVDTDSVYVDL,476..488,476,12,XP_016158623,Ficedula albicollis (Collared flycatcher),PREDICTED: solute carrier family 17 member 9,488,Eukaryota;Metazoa;Chordata;Craniata;Vertebrata;Euteleostomi;Archelosauria;Archosauria;Dinosauria;Saurischia;Theropoda;Coelurosauria;Aves;Neognathae;Passeriformes;Muscicapidae;Ficedula.
none,0..0,0,441,XP_016945518,Drosophila suzukii,PREDICTED: solute carrier family 17 member 9,441,Eukaryota;Metazoa;Ecdysozoa;Arthropoda;Hexapoda;Insecta;Pterygota;Neoptera;Holometabola;Diptera;Brachycera;Muscomorpha;Ephydroidea;Drosophilidae;Drosophila;Sophophora.
none,0..0,0,441,XP_016954928,Drosophila biarmipes,PREDICTED: solute carrier family 17 member 9,441,Eukaryota;Metazoa;Ecdysozoa;Arthropoda;Hexapoda;Insecta;Pterygota;Neoptera;Holometabola;Diptera;Brachycera;Muscomorpha;Ephydroidea;Drosophilidae;Drosophila;Sophophora.
none,0..0,0,439,XP_016974206,Drosophila rhopaloa,PREDICTED: solute carrier family 17 member 9,439,Eukaryota;Metazoa;Ecdysozoa;Arthropoda;Hexapoda;Insecta;Pterygota;Neoptera;Holometabola;Diptera;Brachycera;Muscomorpha;Ephydroidea;Drosophilidae;Drosophila;Sophophora.
none,0..0,0,441,XP_016997764,Drosophila takahashii,PREDICTED: solute carrier family 17 member 9,441,Eukaryota;Metazoa;Ecdysozoa;Arthropoda;Hexapoda;Insecta;Pterygota;Neoptera;Holometabola;Diptera;Brachycera;Muscomorpha;Ephydroidea;Drosophilidae;Drosophila;Sophophora.
none,0..0,0,439,XP_017026210,Drosophila kikkawai,PREDICTED: solute carrier family 17 member 9,439,Eukaryota;Metazoa;Ecdysozoa;Arthropoda;Hexapoda;Insecta;Pterygota;Neoptera;Holometabola;Diptera;Brachycera;Muscomorpha;Ephydroidea;Drosophilidae;Drosophila;Sophophora.
none,0..0,0,437,XP_017061055,Drosophila ficusphila,PREDICTED: solute carrier family 17 member 9,437,Eukaryota;Metazoa;Ecdysozoa;Arthropoda;Hexapoda;Insecta;Pterygota;Neoptera;Holometabola;Diptera;Brachycera;Muscomorpha;Ephydroidea;Drosophilidae;Drosophila;Sophophora.
none,0..0,0,437,XP_017061056,Drosophila ficusphila,PREDICTED: solute carrier family 17 member 9,437,Eukaryota;Metazoa;Ecdysozoa;Arthropoda;Hexapoda;Insecta;Pterygota;Neoptera;Holometabola;Diptera;Brachycera;Muscomorpha;Ephydroidea;Drosophilidae;Drosophila;Sophophora.
none,0..0,0,437,XP_017061057,Drosophila ficusphila,PREDICTED: solute carrier family 17 member 9,437,Eukaryota;Metazoa;Ecdysozoa;Arthropoda;Hexapoda;Insecta;Pterygota;Neoptera;Holometabola;Diptera;Brachycera;Muscomorpha;Ephydroidea;Drosophilidae;Drosophila;Sophophora.
none,0..0,0,439,XP_017063284,Drosophila eugracilis,PREDICTED: solute carrier family 17 member 9,439,Eukaryota;Metazoa;Ecdysozoa;Arthropoda;Hexapoda;Insecta;Pterygota;Neoptera;Holometabola;Diptera;Brachycera;Muscomorpha;Ephydroidea;Drosophilidae;Drosophila;Sophophora.
none,0..0,0,439,XP_017094877,Drosophila bipectinata,PREDICTED: solute carrier family 17 member 9,439,Eukaryota;Metazoa;Ecdysozoa;Arthropoda;Hexapoda;Insecta;Pterygota;Neoptera;Holometabola;Diptera;Brachycera;Muscomorpha;Ephydroidea;Drosophilidae;Drosophila;Sophophora.
none,0..0,0,439,XP_017116889,Drosophila elegans,PREDICTED: solute carrier family 17 member 9,439,Eukaryota;Metazoa;Ecdysozoa;Arthropoda;Hexapoda;Insecta;Pterygota;Neoptera;Holometabola;Diptera;Brachycera;Muscomorpha;Ephydroidea;Drosophilidae;Drosophila;Sophophora.
none,0..0,0,438,XP_017152630,Drosophila miranda,solute carrier family 17 member 9,438,Eukaryota;Metazoa;Ecdysozoa;Arthropoda;Hexapoda;Insecta;Pterygota;Neoptera;Holometabola;Diptera;Brachycera;Muscomorpha;Ephydroidea;Drosophilidae;Drosophila;Sophophora.
none,0..0,0,465,XP_017270724,Kryptolebias marmoratus (mangrove rivulus),solute carrier family 17 member 9,465,Eukaryota;Metazoa;Chordata;Craniata;Vertebrata;Euteleostomi;Actinopterygii;Neopterygii;Teleostei;Neoteleostei;Acanthomorphata;Ovalentaria;Atherinomorphae;Cyprinodontiformes;Rivulidae;Kryptolebias.
ARRVDIEAMKGRYHNIHI,448..465,448,17,XP_017343084,Ictalurus punctatus (channel catfish),PREDICTED: solute carrier family 17 member 9,465,Eukaryota;Metazoa;Chordata;Craniata;Vertebrata;Euteleostomi;Actinopterygii;Neopterygii;Teleostei;Ostariophysi;Siluriformes;Ictaluridae;Ictalurus.
AQRVDLSPTREDL,413..425,413,12,XP_017358999,Cebus capucinus imitator,PREDICTED: solute carrier family 17 member 9,425,Eukaryota;Metazoa;Chordata;Craniata;Vertebrata;Euteleostomi;Mammalia;Eutheria;Euarchontoglires;Primates;Haplorrhini;Platyrrhini;Cebidae;Cebinae;Cebus.
ARRVDIDVTKGRYHNIHI,448..465,448,17,XP_017566413,Pygocentrus nattereri (red-bellied piranha),PREDICTED: solute carrier family 17 member 9,465,Eukaryota;Metazoa;Chordata;Craniata;Vertebrata;Euteleostomi;Actinopterygii;Neopterygii;Teleostei;Ostariophysi;Characiformes;Characoidei;Pygocentrus.
AQRVDTDSAYVDL,437..449,437,12,XP_017670691,Lepidothrix coronata (blue-crowned manakin),PREDICTED: solute carrier family 17 member 9,449,Eukaryota;Metazoa;Chordata;Craniata;Vertebrata;Euteleostomi;Archelosauria;Archosauria;Dinosauria;Saurischia;Theropoda;Coelurosauria;Aves;Neognathae;Passeriformes;Pipridae;Lepidothrix.
none,0..0,0,425,XP_017762337,Eufriesea mexicana,PREDICTED: solute carrier family 17 member 9,425,Eukaryota;Metazoa;Ecdysozoa;Arthropoda;Hexapoda;Insecta;Pterygota;Neoptera;Holometabola;Hymenoptera;Apocrita;Aculeata;Apoidea;Apidae;Eufriesea.
none,0..0,0,425,XP_017795231,Habropoda laboriosa,PREDICTED: solute carrier family 17 member 9,425,Eukaryota;Metazoa;Ecdysozoa;Arthropoda;Hexapoda;Insecta;Pterygota;Neoptera;Holometabola;Hymenoptera;Apocrita;Aculeata;Apoidea;Apidae;Habropoda.
none,0..0,0,438,XP_017859436,Drosophila arizonae,PREDICTED: solute carrier family 17 member 9,438,Eukaryota;Metazoa;Ecdysozoa;Arthropoda;Hexapoda;Insecta;Pterygota;Neoptera;Holometabola;Diptera;Brachycera;Muscomorpha;Ephydroidea;Drosophilidae;Drosophila.
none,0..0,0,425,XP_017880965,Ceratina calcarata,solute carrier family 17 member 9,425,Eukaryota;Metazoa;Ecdysozoa;Arthropoda;Hexapoda;Insecta;Pterygota;Neoptera;Holometabola;Hymenoptera;Apocrita;Aculeata;Apoidea;Apidae;Ceratina;Zadontomerus.
AQRVDLSPAHEDL,424..436,424,12,XP_017913055,Capra hircus (goat),PREDICTED: solute carrier family 17 member 9,436,Eukaryota;Metazoa;Chordata;Craniata;Vertebrata;Euteleostomi;Mammalia;Eutheria;Laurasiatheria;Cetartiodactyla;Ruminantia;Pecora;Bovidae;Caprinae;Capra.
AQRVDTDSAYVDL,437..449,437,12,XP_017929324,Manacus vitellinus (golden-collared manakin),solute carrier family 17 member 9,449,Eukaryota;Metazoa;Chordata;Craniata;Vertebrata;Euteleostomi;Archelosauria;Archosauria;Dinosauria;Saurischia;Theropoda;Coelurosauria;Aves;Neognathae;Passeriformes;Pipridae;Manacus.
none,0..0,0,430,XP_018055736,Atta colombica,PREDICTED: solute carrier family 17 member 9,430,Eukaryota;Metazoa;Ecdysozoa;Arthropoda;Hexapoda;Insecta;Pterygota;Neoptera;Holometabola;Hymenoptera;Apocrita;Aculeata;Vespoidea;Formicidae;Myrmicinae;Atta.
none,0..0,0,453,XP_018092519,Xenopus laevis (African clawed frog),PREDICTED: solute carrier family 17 member 9,453,Eukaryota;Metazoa;Chordata;Craniata;Vertebrata;Euteleostomi;Amphibia;Batrachia;Anura;Pipoidea;Pipidae;Xenopodinae;Xenopus;Xenopus.
none,0..0,0,425,XP_018307412,Trachymyrmex zeteki,PREDICTED: solute carrier family 17 member 9,425,Eukaryota;Metazoa;Ecdysozoa;Arthropoda;Hexapoda;Insecta;Pterygota;Neoptera;Holometabola;Hymenoptera;Apocrita;Aculeata;Vespoidea;Formicidae;Myrmicinae;Trachymyrmex.
none,0..0,0,425,XP_018345374,Trachymyrmex septentrionalis,PREDICTED: solute carrier family 17 member 9,425,Eukaryota;Metazoa;Ecdysozoa;Arthropoda;Hexapoda;Insecta;Pterygota;Neoptera;Holometabola;Hymenoptera;Apocrita;Aculeata;Vespoidea;Formicidae;Myrmicinae;Trachymyrmex.
none,0..0,0,425,XP_018365689,Trachymyrmex cornetzi,PREDICTED: solute carrier family 17 member 9,425,Eukaryota;Metazoa;Ecdysozoa;Arthropoda;Hexapoda;Insecta;Pterygota;Neoptera;Holometabola;Hymenoptera;Apocrita;Aculeata;Vespoidea;Formicidae;Myrmicinae;Trachymyrmex.
none,0..0,0,424,XP_018398556,Cyphomyrmex costatus,PREDICTED: solute carrier family 17 member 9,424,Eukaryota;Metazoa;Ecdysozoa;Arthropoda;Hexapoda;Insecta;Pterygota;Neoptera;Holometabola;Hymenoptera;Apocrita;Aculeata;Vespoidea;Formicidae;Myrmicinae;Cyphomyrmex.
none,0..0,0,464,XP_018415350,Nanorana parkeri,PREDICTED: solute carrier family 17 member 9,464,Eukaryota;Metazoa;Chordata;Craniata;Vertebrata;Euteleostomi;Amphibia;Batrachia;Anura;Neobatrachia;Ranoidea;Dicroglossidae;Dicroglossinae;Nanorana.
none,0..0,0,439,XP_018794434,Bactrocera latifrons,PREDICTED: solute carrier family 17 member 9,439,Eukaryota;Metazoa;Ecdysozoa;Arthropoda;Hexapoda;Insecta;Pterygota;Neoptera;Holometabola;Diptera;Brachycera;Muscomorpha;Tephritoidea;Tephritidae;Bactrocera;Bactrocera.
ARRVDIDLAKGRYHNIHI,448..465,448,17,XP_018921920,Cyprinus carpio (common carp),PREDICTED: solute carrier family 17 member 9,465,Eukaryota;Metazoa;Chordata;Craniata;Vertebrata;Euteleostomi;Actinopterygii;Neopterygii;Teleostei;Ostariophysi;Cypriniformes;Cyprinidae;Cyprinus.
ARRVDIDSSKVRHHNIHI,449..466,449,17,XP_019112003,Larimichthys crocea (large yellow croaker),solute carrier family 17 member 9,466,Eukaryota;Metazoa;Chordata;Craniata;Vertebrata;Euteleostomi;Actinopterygii;Neopterygii;Teleostei;Neoteleostei;Acanthomorphata;Eupercaria;Sciaenidae;Larimichthys.
AQRVDTDSAYMDL,418..430,418,12,XP_019326205,Aptenodytes forsteri (emperor penguin),PREDICTED: solute carrier family 17 member 9,430,Eukaryota;Metazoa;Chordata;Craniata;Vertebrata;Euteleostomi;Archelosauria;Archosauria;Dinosauria;Saurischia;Theropoda;Coelurosauria;Aves;Neognathae;Sphenisciformes;Spheniscidae;Aptenodytes.
AQRVDTVSAYIDL,449..461,449,12,XP_019365673,Gavialis gangeticus (Gharial),PREDICTED: solute carrier family 17 member 9,461,Eukaryota;Metazoa;Chordata;Craniata;Vertebrata;Euteleostomi;Archelosauria;Archosauria;Crocodylia;Longirostres;Gavialidae;Gavialinae;Gavialis.
AQRVDTVSAYIDL,449..461,449,12,XP_019403788,Crocodylus porosus (Australian saltwater crocodile),PREDICTED: solute carrier family 17 member 9,461,Eukaryota;Metazoa;Chordata;Craniata;Vertebrata;Euteleostomi;Archelosauria;Archosauria;Crocodylia;Longirostres;Crocodylidae;Crocodylus.
none,0..0,0,442,XP_019535860,Aedes albopictus (Asian tiger mosquito),solute carrier family 17 member 9,442,Eukaryota;Metazoa;Ecdysozoa;Arthropoda;Hexapoda;Insecta;Pterygota;Neoptera;Holometabola;Diptera;Nematocera;Culicoidea;Culicidae;Culicinae;Aedini;Aedes;Stegomyia.
ARRVDIDCTKVRHHNIHI,449..466,449,17,XP_019951422,Paralichthys olivaceus (Japanese flounder),PREDICTED: solute carrier family 17 member 9,466,Eukaryota;Metazoa;Chordata;Craniata;Vertebrata;Euteleostomi;Actinopterygii;Neopterygii;Teleostei;Neoteleostei;Acanthomorphata;Carangaria;Pleuronectiformes;Pleuronectoidei;Paralichthyidae;Paralichthys.
AQRVDLIPAHEDL,424..436,424,12,XP_020029313,Castor canadensis (American beaver),solute carrier family 17 member 9,436,Eukaryota;Metazoa;Chordata;Craniata;Vertebrata;Euteleostomi;Mammalia;Eutheria;Euarchontoglires;Glires;Rodentia;Castorimorpha;Castoridae;Castor.
AQRVDLSPTHEDL,435..447,435,12,XP_020137329,Microcebus murinus (gray mouse lemur),solute carrier family 17 member 9,447,Eukaryota;Metazoa;Chordata;Craniata;Vertebrata;Euteleostomi;Mammalia;Eutheria;Euarchontoglires;Primates;Strepsirrhini;Lemuriformes;Cheirogaleidae;Microcebus.
AQRVDLSPTHEDL,435..447,435,12,XP_020137330,Microcebus murinus (gray mouse lemur),solute carrier family 17 member 9,447,Eukaryota;Metazoa;Chordata;Craniata;Vertebrata;Euteleostomi;Mammalia;Eutheria;Euarchontoglires;Primates;Strepsirrhini;Lemuriformes;Cheirogaleidae;Microcebus.
ARRVDIDSSKGRYHNIHI,449..466,449,17,XP_020315597,Oncorhynchus kisutch (coho salmon),solute carrier family 17 member 9,466,Eukaryota;Metazoa;Chordata;Craniata;Vertebrata;Euteleostomi;Actinopterygii;Neopterygii;Teleostei;Protacanthopterygii;Salmoniformes;Salmonidae;Salmoninae;Oncorhynchus.
ARRVDIDSSKVRHYNIHI,449..466,449,17,XP_020463808,Monopterus albus (swamp eel),solute carrier family 17 member 9,466,Eukaryota;Metazoa;Chordata;Craniata;Vertebrata;Euteleostomi;Actinopterygii;Neopterygii;Teleostei;Neoteleostei;Acanthomorphata;Anabantaria;Synbranchiformes;Synbranchidae;Monopterus.
ARRVDIDSGKVRHHNIHI,449..466,449,17,XP_020485268,Labrus bergylta (ballan wrasse),solute carrier family 17 member 9,466,Eukaryota;Metazoa;Chordata;Craniata;Vertebrata;Euteleostomi;Actinopterygii;Neopterygii;Teleostei;Neoteleostei;Acanthomorphata;Eupercaria;Labriformes;Labridae;Labrus.
AHRVDLDTACVDL,459..471,459,12,XP_020660269,Pogona vitticeps (central bearded dragon),solute carrier family 17 member 9,471,Eukaryota;Metazoa;Chordata;Craniata;Vertebrata;Euteleostomi;Lepidosauria;Squamata;Bifurcata;Unidentata;Episquamata;Toxicofera;Iguania;Acrodonta;Agamidae;Amphibolurinae;Pogona.
AQRVDLSPAHEDL,456..468,456,12,XP_020745190,Odocoileus virginianus texanus,solute carrier family 17 member 9,468,Eukaryota;Metazoa;Chordata;Craniata;Vertebrata;Euteleostomi;Mammalia;Eutheria;Laurasiatheria;Cetartiodactyla;Ruminantia;Pecora;Cervidae;Odocoileinae;Odocoileus.
AKRVDIDSSKGRYSNIHI,451..468,451,17,XP_020785391,Boleophthalmus pectinirostris (great blue-spotted mudskipper),solute carrier family 17 member 9,468,Eukaryota;Metazoa;Chordata;Craniata;Vertebrata;Euteleostomi;Actinopterygii;Neopterygii;Teleostei;Neoteleostei;Acanthomorphata;Gobiaria;Gobiiformes;Gobioidei;Gobiidae;Oxudercinae;Boleophthalmus.
none,0..0,0,439,XP_020810406,Drosophila serrata,solute carrier family 17 member 9,439,Eukaryota;Metazoa;Ecdysozoa;Arthropoda;Hexapoda;Insecta;Pterygota;Neoptera;Holometabola;Diptera;Brachycera;Muscomorpha;Ephydroidea;Drosophilidae;Drosophila;Sophophora.
none,0..0,0,453,XP_020897594,Exaiptasia pallida,solute carrier family 17 member 9,453,Eukaryota;Metazoa;Cnidaria;Anthozoa;Hexacorallia;Actiniaria;Aiptasiidae;Exaiptasia.
none,0..0,0,444,XP_020897596,Exaiptasia pallida,solute carrier family 17 member 9,444,Eukaryota;Metazoa;Cnidaria;Anthozoa;Hexacorallia;Actiniaria;Aiptasiidae;Exaiptasia.
AQRVDLSPAHEDL,424..436,424,12,XP_020933896,Sus scrofa (pig),solute carrier family 17 member 9,436,Eukaryota;Metazoa;Chordata;Craniata;Vertebrata;Euteleostomi;Mammalia;Eutheria;Laurasiatheria;Cetartiodactyla;Suina;Suidae;Sus.
AQRVDLVPTHEDL,409..421,409,12,XP_021035669,Mus caroli (Ryukyu mouse),solute carrier family 17 member 9,421,Eukaryota;Metazoa;Chordata;Craniata;Vertebrata;Euteleostomi;Mammalia;Eutheria;Euarchontoglires;Glires;Rodentia;Myomorpha;Muroidea;Muridae;Murinae;Mus;Mus.
AQRVDLAPTHEDL,435..447,435,12,XP_021050557,Mus pahari (shrew mouse),solute carrier family 17 member 9,447,Eukaryota;Metazoa;Chordata;Craniata;Vertebrata;Euteleostomi;Mammalia;Eutheria;Euarchontoglires;Glires;Rodentia;Myomorpha;Muroidea;Muridae;Murinae;Mus;Coelomys.
ARRVDIESGRIRHNSIHI,449..466,449,17,XP_021171974,Fundulus heteroclitus (mummichog),solute carrier family 17 member 9,466,Eukaryota;Metazoa;Chordata;Craniata;Vertebrata;Euteleostomi;Actinopterygii;Neopterygii;Teleostei;Neoteleostei;Acanthomorphata;Ovalentaria;Atherinomorphae;Cyprinodontiformes;Fundulidae;Fundulus.
AQRVDTDSVYVDL,436..448,436,12,XP_021409205,Lonchura striata domestica (Bengalese finch),solute carrier family 17 member 9,448,Eukaryota;Metazoa;Chordata;Craniata;Vertebrata;Euteleostomi;Archelosauria;Archosauria;Dinosauria;Saurischia;Theropoda;Coelurosauria;Aves;Neognathae;Passeriformes;Passeroidea;Estrildidae;Estrildinae;Lonchura.
AQRVDLSPTREDL,426..438,426,12,XP_021533457,Neomonachus schauinslandi (Hawaiian monk seal),solute carrier family 17 member 9,438,Eukaryota;Metazoa;Chordata;Craniata;Vertebrata;Euteleostomi;Mammalia;Eutheria;Laurasiatheria;Carnivora;Caniformia;Phocidae;Neomonachus.
none,0..0,0,438,XP_022224442,Drosophila obscura,solute carrier family 17 member 9,438,Eukaryota;Metazoa;Ecdysozoa;Arthropoda;Hexapoda;Insecta;Pterygota;Neoptera;Holometabola;Diptera;Brachycera;Muscomorpha;Ephydroidea;Drosophilidae;Drosophila;Sophophora.
ARRVDIDATKGRYHNIHI,422..439,422,17,XP_022518655,Astyanax mexicanus (Mexican tetra),solute carrier family 17 member 9,439,Eukaryota;Metazoa;Chordata;Craniata;Vertebrata;Euteleostomi;Actinopterygii;Neopterygii;Teleostei;Ostariophysi;Characiformes;Characoidei;Characidae;Characidaeincertaesedis;Astyanaxclade;Astyanax.
ARRVDIDSSKVRHHNIHI,449..466,449,17,XP_022594977,Seriola dumerili (greater amberjack),solute carrier family 17 member 9,466,Eukaryota;Metazoa;Chordata;Craniata;Vertebrata;Euteleostomi;Actinopterygii;Neopterygii;Teleostei;Neoteleostei;Acanthomorphata;Carangaria;Carangiformes;Carangidae;Seriola.
AQRVDLSPTHEDL,425..437,425,12,XP_023106779,Felis catus (domestic cat),solute carrier family 17 member 9,437,Eukaryota;Metazoa;Chordata;Craniata;Vertebrata;Euteleostomi;Mammalia;Eutheria;Laurasiatheria;Carnivora;Feliformia;Felidae;Felinae;Felis.
ARRVDIDSSKVRHHNIHI,449..466,449,17,XP_023134423,Amphiprion ocellaris (clown anemonefish),solute carrier family 17 member 9,466,Eukaryota;Metazoa;Chordata;Craniata;Vertebrata;Euteleostomi;Actinopterygii;Neopterygii;Teleostei;Neoteleostei;Acanthomorphata;Ovalentaria;Pomacentridae;Amphiprion.
none,0..0,0,438,XP_023170870,Drosophila hydei,solute carrier family 17 member 9,438,Eukaryota;Metazoa;Ecdysozoa;Arthropoda;Hexapoda;Insecta;Pterygota;Neoptera;Holometabola;Diptera;Brachycera;Muscomorpha;Ephydroidea;Drosophilidae;Drosophila.
ARRVDIDSSKVRHHNIHI,449..466,449,17,XP_023257606,Seriola lalandi dorsalis,solute carrier family 17 member 9,466,Eukaryota;Metazoa;Chordata;Craniata;Vertebrata;Euteleostomi;Actinopterygii;Neopterygii;Teleostei;Neoteleostei;Acanthomorphata;Carangaria;Carangiformes;Carangidae;Seriola.
none,0..0,0,439,XP_023295142,Lucilia cuprina (Australian sheep blowfly),solute carrier family 17 member 9,439,Eukaryota;Metazoa;Ecdysozoa;Arthropoda;Hexapoda;Insecta;Pterygota;Neoptera;Holometabola;Diptera;Brachycera;Muscomorpha;Oestroidea;Calliphoridae;Luciliinae;Lucilia.
AQRVDLSPAHEDL,507..519,507,12,XP_023396611,Loxodonta africana (African savanna elephant),solute carrier family 17 member 9,519,Eukaryota;Metazoa;Chordata;Craniata;Vertebrata;Euteleostomi;Mammalia;Eutheria;Afrotheria;Proboscidea;Elephantidae;Loxodonta.
AQRVDLSPTREDL,424..436,424,12,XP_023560125,Octodon degus (degu),solute carrier family 17 member 9,436,Eukaryota;Metazoa;Chordata;Craniata;Vertebrata;Euteleostomi;Mammalia;Eutheria;Euarchontoglires;Glires;Rodentia;Hystricognathi;Octodontidae;Octodon.
ARRVDIEGARVKYHNIHI,448..465,448,17,XP_023654715,Paramormyrops kingsleyae,solute carrier family 17 member 9,465,Eukaryota;Metazoa;Chordata;Craniata;Vertebrata;Euteleostomi;Actinopterygii;Neopterygii;Teleostei;Osteoglossocephala;Osteoglossomorpha;Osteoglossiformes;Mormyridae;Paramormyrops.
AQRLDQTAHCQLVVV,444..458,444,14,XP_023812579,Oryzias latipes (Japanese medaka),solute carrier family 17 member 9,458,Eukaryota;Metazoa;Chordata;Craniata;Vertebrata;Euteleostomi;Actinopterygii;Neopterygii;Teleostei;Neoteleostei;Acanthomorphata;Ovalentaria;Atherinomorphae;Beloniformes;Adrianichthyidae;Oryziinae;Oryzias.
ANRVDLWNLSEVTRV,447..461,447,14,XP_023847287,Salvelinus alpinus (Arctic char),solute carrier family 17 member 9,461,Eukaryota;Metazoa;Chordata;Craniata;Vertebrata;Euteleostomi;Actinopterygii;Neopterygii;Teleostei;Protacanthopterygii;Salmoniformes;Salmonidae;Salmoninae;Salvelinus.
ARRVDIDSSKGRYHNIHI,449..466,449,17,XP_023861051,Salvelinus alpinus (Arctic char),solute carrier family 17 member 9,466,Eukaryota;Metazoa;Chordata;Craniata;Vertebrata;Euteleostomi;Actinopterygii;Neopterygii;Teleostei;Protacanthopterygii;Salmoniformes;Salmonidae;Salmoninae;Salvelinus.
ARRMDTDSAYIDL,457..469,457,12,XP_023970691,Chrysemys picta bellii (western painted turtle),solute carrier family 17 member 9,469,Eukaryota;Metazoa;Chordata;Craniata;Vertebrata;Euteleostomi;Testudines+Archosauriagroup;Testudines;Cryptodira;Testudinoidea;Emydidae;Chrysemys.
AQRMDTDSAYIDL,457..469,457,12,XP_024050478,Terrapene carolina triunguis (Three-toed box turtle),solute carrier family 17 member 9,469,Eukaryota;Metazoa;Chordata;Craniata;Vertebrata;Euteleostomi;Archelosauria;Testudines;Cryptodira;Durocryptodira;Testudinoidea;Emydidae;Terrapene.
ARRVDIDSSKIRHHNIHI,449..466,449,17,XP_024149340,Oryzias melastigma (Indian medaka),solute carrier family 17 member 9,466,Eukaryota;Metazoa;Chordata;Craniata;Vertebrata;Euteleostomi;Actinopterygii;Neopterygii;Teleostei;Neoteleostei;Acanthomorphata;Ovalentaria;Atherinomorphae;Beloniformes;Adrianichthyidae;Oryziinae;Oryzias.
ARRVDIDSSKIRHHNIHI,449..466,449,17,XP_024149341,Oryzias melastigma (Indian medaka),solute carrier family 17 member 9,466,Eukaryota;Metazoa;Chordata;Craniata;Vertebrata;Euteleostomi;Actinopterygii;Neopterygii;Teleostei;Neoteleostei;Acanthomorphata;Ovalentaria;Atherinomorphae;Beloniformes;Adrianichthyidae;Oryziinae;Oryzias.
none,0..0,0,455,XP_024507642,Strongyloides ratti,Solute carrier family 17 member 9,455,Eukaryota;Metazoa;Ecdysozoa;Nematoda;Chromadorea;Rhabditida;Panagrolaimoidea;Strongyloididae;Strongyloides.
AQRVDLSPAREDL,424..436,424,12,XP_024605925,Neophocaena asiaeorientalis asiaeorientalis (Yangtze finless,solute carrier family 17 member 9,436,Eukaryota;Metazoa;Chordata;Craniata;Vertebrata;Euteleostomi;Mammalia;Eutheria;Laurasiatheria;Cetartiodactyla;Cetacea;Odontoceti;Phocoenidae;Neophocaena.
AQRVDLSPAHEDL,431..443,431,12,XP_024856359,Bos taurus (cattle),solute carrier family 17 member 9 isoform X1,443,Eukaryota;Metazoa;Chordata;Craniata;Vertebrata;Euteleostomi;Mammalia;Eutheria;Laurasiatheria;Cetartiodactyla;Ruminantia;Pecora;Bovidae;Bovinae;Bos.
none,0..0,0,425,XP_024869474,Temnothorax curvispinosus,solute carrier family 17 member 9,425,Eukaryota;Metazoa;Ecdysozoa;Arthropoda;Hexapoda;Insecta;Pterygota;Neoptera;Holometabola;Hymenoptera;Apocrita;Aculeata;Formicoidea;Formicidae;Myrmicinae;Temnothorax.
none,0..0,0,451,XP_024915051,Cynoglossus semilaevis (tongue sole),solute carrier family 17 member 9,451,Eukaryota;Metazoa;Chordata;Craniata;Vertebrata;Euteleostomi;Actinopterygii;Neopterygii;Teleostei;Euteleostei;Neoteleostei;Acanthomorpha;Acanthopterygii;Percomorpha;Pleuronectiformes;Soleoidei;Cynoglossidae;Cynoglossinae;Cynoglossus.
none,0..0,0,545,XP_024997976,Gallus gallus (chicken),solute carrier family 17 member 9 isoform X2,545,Eukaryota;Metazoa;Chordata;Craniata;Vertebrata;Euteleostomi;Archelosauria;Archosauria;Dinosauria;Saurischia;Theropoda;Coelurosauria;Aves;Neognathae;Galloanserae;Galliformes;Phasianidae;Phasianinae;Gallus.
AQRVDTVSAYIDL,449..461,449,12,XP_025057523,Alligator sinensis (Chinese alligator),solute carrier family 17 member 9,461,Eukaryota;Metazoa;Chordata;Craniata;Vertebrata;Euteleostomi;Testudines+Archosauriagroup;Archosauria;Crocodylia;Alligatoridae;Alligatorinae;Alligator.
AQRVDLSPTHEDL,619..631,619,12,XP_025787896,Puma concolor (puma),solute carrier family 17 member 9,631,Eukaryota;Metazoa;Chordata;Craniata;Vertebrata;Euteleostomi;Mammalia;Eutheria;Laurasiatheria;Carnivora;Feliformia;Felidae;Felinae;Puma.
AQRVDLSPTHEDL,425..437,425,12,XP_025870919,Vulpes vulpes (red fox),solute carrier family 17 member 9,437,Eukaryota;Metazoa;Chordata;Craniata;Vertebrata;Euteleostomi;Mammalia;Eutheria;Laurasiatheria;Carnivora;Caniformia;Canidae;Vulpes.
AQRVDTDSAYVEL,413..425,413,12,XP_025898054,Nothoprocta perdicaria,solute carrier family 17 member 9 partial,425,Eukaryota;Metazoa;Chordata;Craniata;Vertebrata;Euteleostomi;Archelosauria;Archosauria;Dinosauria;Saurischia;Theropoda;Coelurosauria;Aves;Palaeognathae;Tinamiformes;Tinamidae;Nothoprocta.
AQRVDTDSAYIDL,437..449,437,12,XP_025913148,Apteryx rowi (Okarito brown kiwi),solute carrier family 17 member 9,449,Eukaryota;Metazoa;Chordata;Craniata;Vertebrata;Euteleostomi;Archelosauria;Archosauria;Dinosauria;Saurischia;Theropoda;Coelurosauria;Aves;Palaeognathae;Apterygiformes;Apterygidae;Apteryx.
AQRVDTDSAYIDL,442..454,442,12,XP_025948636,Dromaius novaehollandiae (emu),solute carrier family 17 member 9,454,Eukaryota;Metazoa;Chordata;Craniata;Vertebrata;Euteleostomi;Archelosauria;Archosauria;Dinosauria;Saurischia;Theropoda;Coelurosauria;Aves;Palaeognathae;Casuariiformes;Dromaiidae;Dromaius.
AQRVDLSPAHEDL,424..436,424,12,XP_026263608,Urocitellus parryii (Arctic ground squirrel),solute carrier family 17 member 9,436,Eukaryota;Metazoa;Chordata;Craniata;Vertebrata;Euteleostomi;Mammalia;Eutheria;Euarchontoglires;Glires;Rodentia;Sciuromorpha;Sciuridae;Xerinae;Marmotini;Urocitellus.
AQRVDLSSTHEDL,111..123,111,12,XP_026305661,Piliocolobus tephrosceles (Ugandan red Colobus),solute carrier family 17 member 9,123,Eukaryota;Metazoa;Chordata;Craniata;Vertebrata;Euteleostomi;Mammalia;Eutheria;Euarchontoglires;Primates;Haplorrhini;Catarrhini;Cercopithecidae;Colobinae;Piliocolobus.
none,0..0,0,431,XP_026468681,Ctenocephalides felis (cat flea),solute carrier family 17 member 9,431,Eukaryota;Metazoa;Ecdysozoa;Arthropoda;Hexapoda;Insecta;Pterygota;Neoptera;Holometabola;Siphonaptera;Pulicidae;Archaeopsyllinae;Ctenocephalides.
AHRMDLDPAYTDL,457..469,457,12,XP_026539206,Notechis scutatus (mainland tiger snake),solute carrier family 17 member 9,469,Eukaryota;Metazoa;Chordata;Craniata;Vertebrata;Euteleostomi;Lepidosauria;Squamata;Bifurcata;Unidentata;Episquamata;Toxicofera;Serpentes;Colubroidea;Elapidae;Acanthophiinae;Notechis.
AHRMDLDPAYTDL,457..469,457,12,XP_026553158,Pseudonaja textilis,solute carrier family 17 member 9,469,Eukaryota;Metazoa;Chordata;Craniata;Vertebrata;Euteleostomi;Lepidosauria;Squamata;Bifurcata;Unidentata;Episquamata;Toxicofera;Serpentes;Colubroidea;Elapidae;Acanthophiinae;Pseudonaja.
AQRVDTDSAYMDL,414..426,414,12,XP_026717842,Athene cunicularia (burrowing owl),solute carrier family 17 member 9,426,Eukaryota;Metazoa;Chordata;Craniata;Vertebrata;Euteleostomi;Archelosauria;Archosauria;Dinosauria;Saurischia;Theropoda;Coelurosauria;Aves;Neognathae;Strigiformes;Strigidae;Athene.
AQRVDTDSAYVDL,437..449,437,12,XP_027502183,Corapipo altera (White-ruffed manakin),solute carrier family 17 member 9,449,Eukaryota;Metazoa;Chordata;Craniata;Vertebrata;Euteleostomi;Archelosauria;Archosauria;Dinosauria;Saurischia;Theropoda;Coelurosauria;Aves;Neognathae;Passeriformes;Pipridae;Corapipo.
AQRVDTDSAYVDL,437..449,437,12,XP_027553115,Neopelma chrysocephalum (saffron-crested tyrant-manakin),solute carrier family 17 member 9,449,Eukaryota;Metazoa;Chordata;Craniata;Vertebrata;Euteleostomi;Archelosauria;Archosauria;Dinosauria;Saurischia;Theropoda;Coelurosauria;Aves;Neognathae;Passeriformes;Pipridae;Neopelma.
AQRVDTDSAYMDL,437..449,437,12,XP_027566519,Pipra filicauda (Wire-tailed manakin),solute carrier family 17 member 9,449,Eukaryota;Metazoa;Chordata;Craniata;Vertebrata;Euteleostomi;Archelosauria;Archosauria;Dinosauria;Saurischia;Theropoda;Coelurosauria;Aves;Neognathae;Passeriformes;Pipridae;Pipra.
AQRMDTDSAYVDL,439..451,439,12,XP_027737368,Empidonax traillii (willow flycatcher),solute carrier family 17 member 9,451,Eukaryota;Metazoa;Chordata;Craniata;Vertebrata;Euteleostomi;Archelosauria;Archosauria;Dinosauria;Saurischia;Theropoda;Coelurosauria;Aves;Neognathae;Passeriformes;Tyrannidae;Empidonax.
ARRVDIDSSRVRHHSIHI,449..466,449,17,XP_027876053,Xiphophorus couchianus (Monterrey platyfish),solute carrier family 17 member 9,466,Eukaryota;Metazoa;Chordata;Craniata;Vertebrata;Euteleostomi;Actinopterygii;Neopterygii;Teleostei;Neoteleostei;Acanthomorphata;Ovalentaria;Atherinomorphae;Cyprinodontiformes;Poeciliidae;Poeciliinae;Xiphophorus.
ARRVDIDSSKVRHHNIHI,449..466,449,17,XP_028266565,Parambassis ranga (Indian glassy fish),solute carrier family 17 member 9,466,Eukaryota;Metazoa;Chordata;Craniata;Vertebrata;Euteleostomi;Actinopterygii;Neopterygii;Teleostei;Neoteleostei;Acanthomorphata;Ovalentaria;Ambassidae;Parambassis.
ARRVDIDSTKVRHHNIHI,451..468,451,17,XP_028308070,Gouania willdenowi (blunt-snouted clingfish),solute carrier family 17 member 9,468,Eukaryota;Metazoa;Chordata;Craniata;Vertebrata;Euteleostomi;Actinopterygii;Neopterygii;Teleostei;Neoteleostei;Acanthomorphata;Ovalentaria;Blenniimorphae;Blenniiformes;Gobiesocoidei;Gobiesocidae;Gobiesocinae;Gouania.
AQRVDLGPAHQDL,427..439,427,12,XP_028380313,Phyllostomus discolor (pale spear-nosed bat),solute carrier family 17 member 9,439,Eukaryota;Metazoa;Chordata;Craniata;Vertebrata;Euteleostomi;Mammalia;Eutheria;Laurasiatheria;Chiroptera;Microchiroptera;Phyllostomidae;Phyllostominae;Phyllostomus.
ARRVDIDYSKVRHHDIHI,448..465,448,17,XP_028439258,Perca flavescens (yellow perch),solute carrier family 17 member 9,465,Eukaryota;Metazoa;Chordata;Craniata;Vertebrata;Euteleostomi;Actinopterygii;Neopterygii;Teleostei;Neoteleostei;Acanthomorphata;Eupercaria;Perciformes;Percoidei;Percidae;Percinae;Perca.
AHRVDTESAFVEL,512..524,512,12,XP_028591619,Podarcis muralis (Common wall lizard),solute carrier family 17 member 9,524,Eukaryota;Metazoa;Chordata;Craniata;Vertebrata;Euteleostomi;Lepidosauria;Squamata;Bifurcata;Unidentata;Episquamata;Laterata;Lacertibaenia;Lacertidae;Podarcis.
AQRVDVLPTHEDL,435..447,435,12,XP_028629893,Grammomys surdaster,solute carrier family 17 member 9,447,Eukaryota;Metazoa;Chordata;Craniata;Vertebrata;Euteleostomi;Mammalia;Eutheria;Euarchontoglires;Glires;Rodentia;Myomorpha;Muroidea;Muridae;Murinae;Grammomys.
AQRVDTDSTYMDL,448..460,448,12,XP_028943146,Antrostomus carolinensis (chuck-will's-widow),solute carrier family 17 member 9,460,Eukaryota;Metazoa;Chordata;Craniata;Vertebrata;Euteleostomi;Archelosauria;Archosauria;Dinosauria;Saurischia;Theropoda;Coelurosauria;Aves;Neognathae;Caprimulgimorphae;Caprimulgiformes;Caprimulgidae;Antrostomus.
none,0..0,0,425,XP_029033108,Osmia bicornis bicornis,solute carrier family 17 member 9,425,Eukaryota;Metazoa;Ecdysozoa;Arthropoda;Hexapoda;Insecta;Pterygota;Neoptera;Holometabola;Hymenoptera;Apocrita;Aculeata;Apoidea;Megachilidae;Megachilinae;Osmia.
none,0..0,0,425,XP_029166414,Nylanderia fulva,solute carrier family 17 member 9,425,Eukaryota;Metazoa;Ecdysozoa;Arthropoda;Hexapoda;Insecta;Pterygota;Neoptera;Holometabola;Hymenoptera;Apocrita;Aculeata;Formicoidea;Formicidae;Formicinae;Nylanderia.
ARRVDIVSSKVHHHNIQI,449..466,449,17,XP_029363166,Echeneis naucrates (live sharksucker),solute carrier family 17 member 9,466,Eukaryota;Metazoa;Chordata;Craniata;Vertebrata;Euteleostomi;Actinopterygii;Neopterygii;Teleostei;Neoteleostei;Acanthomorphata;Carangaria;Carangiformes;Echeneidae;Echeneis.
ARRVDIDSSKGRYHNIHI,449..466,449,17,XP_029477361,Oncorhynchus nerka (sockeye salmon),solute carrier family 17 member 9,466,Eukaryota;Metazoa;Chordata;Craniata;Vertebrata;Euteleostomi;Actinopterygii;Neopterygii;Teleostei;Protacanthopterygii;Salmoniformes;Salmonidae;Salmoninae;Oncorhynchus.
ARRVDIDTSKVRHHNIHI,449..466,449,17,XP_029975365,Salarias fasciatus (jewelled blenny),solute carrier family 17 member 9,466,Eukaryota;Metazoa;Chordata;Craniata;Vertebrata;Euteleostomi;Actinopterygii;Neopterygii;Teleostei;Neoteleostei;Acanthomorphata;Ovalentaria;Blenniimorphae;Blenniiformes;Blennioidei;Blenniidae;Salariinae;Salarias.
ARRVDIDSSKGRHHNIHI,446..463,446,17,XP_029993992,Sphaeramia orbicularis (orbiculate cardinalfish),solute carrier family 17 member 9,463,Eukaryota;Metazoa;Chordata;Craniata;Vertebrata;Euteleostomi;Actinopterygii;Neopterygii;Teleostei;Neoteleostei;Acanthomorphata;Gobiaria;Kurtiformes;Apogonoidei;Apogonidae;Apogoninae;Sphaeramia.
ARRVDIDPTCAIRVL,454..468,454,14,XP_030067815,Microcaecilia unicolor,solute carrier family 17 member 9,468,Eukaryota;Metazoa;Chordata;Craniata;Vertebrata;Euteleostomi;Amphibia;Gymnophiona;Siphonopidae;Microcaecilia.
ARRVDIDSAKQRYNHIHI,449..466,449,17,XP_030211322,Gadus morhua (Atlantic cod),solute carrier family 17 member 9,466,Eukaryota;Metazoa;Chordata;Craniata;Vertebrata;Euteleostomi;Actinopterygii;Neopterygii;Teleostei;Neoteleostei;Acanthomorphata;Zeiogadaria;Gadariae;Gadiformes;Gadoidei;Gadidae;Gadus.
none,0..0,0,438,XP_030238604,Drosophila navojoa,solute carrier family 17 member 9,438,Eukaryota;Metazoa;Ecdysozoa;Arthropoda;Hexapoda;Insecta;Pterygota;Neoptera;Holometabola;Diptera;Brachycera;Muscomorpha;Ephydroidea;Drosophilidae;Drosophila.
ARRVDIDACKVRHHNIHI,447..464,447,17,XP_030279623,Sparus aurata (gilthead seabream),solute carrier family 17 member 9,464,Eukaryota;Metazoa;Chordata;Craniata;Vertebrata;Euteleostomi;Actinopterygii;Neopterygii;Teleostei;Neoteleostei;Acanthomorphata;Eupercaria;Spariformes;Sparidae;Sparus.
AQRVDTDSGYMDL,436..448,436,12,XP_030318959,Calypte anna (Anna's hummingbird),solute carrier family 17 member 9,448,Eukaryota;Metazoa;Chordata;Craniata;Vertebrata;Euteleostomi;Archelosauria;Archosauria;Dinosauria;Saurischia;Theropoda;Coelurosauria;Aves;Neognathae;Apodiformes;Trochilidae;Calypte.
AQRVDTDSAYMDL,436..448,436,12,XP_030359316,Strigops habroptila (Kakapo),solute carrier family 17 member 9,448,Eukaryota;Metazoa;Chordata;Craniata;Vertebrata;Euteleostomi;Archelosauria;Archosauria;Dinosauria;Saurischia;Theropoda;Coelurosauria;Aves;Neognathae;Psittaciformes;Psittacidae;Strigops.
none,0..0,0,438,XP_030383180,Scaptodrosophila lebanonensis,solute carrier family 17 member 9,438,Eukaryota;Metazoa;Ecdysozoa;Arthropoda;Hexapoda;Insecta;Pterygota;Neoptera;Holometabola;Diptera;Brachycera;Muscomorpha;Ephydroidea;Drosophilidae;Scaptodrosophila.
AQRMDTDSAYVDL,454..466,454,12,XP_030389269,Gopherus evgoodei (Goodes thornscrub tortoise),solute carrier family 17 member 9,466,Eukaryota;Metazoa;Chordata;Craniata;Vertebrata;Euteleostomi;Archelosauria;Testudines;Cryptodira;Durocryptodira;Testudinoidea;Testudinidae;Gopherus.
none,0..0,0,438,XP_030556758,Drosophila novamexicana,solute carrier family 17 member 9,438,Eukaryota;Metazoa;Ecdysozoa;Arthropoda;Hexapoda;Insecta;Pterygota;Neoptera;Holometabola;Diptera;Brachycera;Muscomorpha;Ephydroidea;Drosophilidae;Drosophila.
none,0..0,0,438,XP_030556759,Drosophila novamexicana,solute carrier family 17 member 9,438,Eukaryota;Metazoa;Ecdysozoa;Arthropoda;Hexapoda;Insecta;Pterygota;Neoptera;Holometabola;Diptera;Brachycera;Muscomorpha;Ephydroidea;Drosophilidae;Drosophila.
none,0..0,0,438,XP_030556760,Drosophila novamexicana,solute carrier family 17 member 9,438,Eukaryota;Metazoa;Ecdysozoa;Arthropoda;Hexapoda;Insecta;Pterygota;Neoptera;Holometabola;Diptera;Brachycera;Muscomorpha;Ephydroidea;Drosophilidae;Drosophila.
ARRVDIDSTKVRHHNIHI,449..466,449,17,XP_030589621,Archocentrus centrarchus (flier cichlid),solute carrier family 17 member 9,466,Eukaryota;Metazoa;Chordata;Craniata;Vertebrata;Euteleostomi;Actinopterygii;Neopterygii;Teleostei;Neoteleostei;Acanthomorphata;Ovalentaria;Cichlomorphae;Cichliformes;Cichlidae;NewWorldcichlids;Cichlasomatinae;Heroini;Archocentrus.
none,0..0,0,611,XP_030618748,Delphinapterus leucas (beluga whale),solute carrier family 17 member 9,611,Eukaryota;Metazoa;Chordata;Craniata;Vertebrata;Euteleostomi;Mammalia;Eutheria;Laurasiatheria;Cetartiodactyla;Cetacea;Odontoceti;Monodontidae;Delphinapterus.
ARRVDIDGMKARYHNIHI,445..462,445,17,XP_030625042,Chanos chanos (milkfish),solute carrier family 17 member 9,462,Eukaryota;Metazoa;Chordata;Craniata;Vertebrata;Euteleostomi;Actinopterygii;Neopterygii;Teleostei;Ostariophysi;Gonorynchiformes;Chanidae;Chanos.
AQRVDTGSVYVDL,436..448,436,12,XP_030818979,Camarhynchus parvulus,solute carrier family 17 member 9,448,Eukaryota;Metazoa;Chordata;Craniata;Vertebrata;Euteleostomi;Archelosauria;Archosauria;Dinosauria;Saurischia;Theropoda;Coelurosauria;Aves;Neognathae;Passeriformes;Thraupidae;Camarhynchus.
ARRVDIDCSKVRHHDIHI,448..465,448,17,XP_031172526,Sander lucioperca (pike-perch),solute carrier family 17 member 9,465,Eukaryota;Metazoa;Chordata;Craniata;Vertebrata;Euteleostomi;Actinopterygii;Neopterygii;Teleostei;Neoteleostei;Acanthomorphata;Eupercaria;Perciformes;Percoidei;Percidae;Luciopercinae;Sander.
ARRVDIDSTKVRHHNIHI,448..465,448,17,XP_031601380,Oreochromis aureus,solute carrier family 17 member 9,465,Eukaryota;Metazoa;Chordata;Craniata;Vertebrata;Euteleostomi;Actinopterygii;Neopterygii;Teleostei;Neoteleostei;Acanthomorphata;Ovalentaria;Cichlomorphae;Cichliformes;Cichlidae;Africancichlids;Pseudocrenilabrinae;Oreochromini;Oreochromis.
none,0..0,0,437,XP_031622735,Contarinia nasturtii (swede midge),solute carrier family 17 member 9,437,Eukaryota;Metazoa;Ecdysozoa;Arthropoda;Hexapoda;Insecta;Pterygota;Neoptera;Holometabola;Diptera;Nematocera;Sciaroidea;Cecidomyiidae;Contarinia.
none,0..0,0,498,XP_031750445,Xenopus tropicalis (tropical clawed frog),solute carrier family 17 member 9,498,Eukaryota;Metazoa;Chordata;Craniata;Vertebrata;Euteleostomi;Amphibia;Batrachia;Anura;Pipoidea;Pipidae;Xenopodinae;Xenopus;Silurana.
none,0..0,0,436,XP_031780502,Nasonia vitripennis (jewel wasp),solute carrier family 17 member 9,436,Eukaryota;Metazoa;Ecdysozoa;Arthropoda;Hexapoda;Insecta;Pterygota;Neoptera;Holometabola;Hymenoptera;Apocrita;Parasitoida;Chalcidoidea;Pteromalidae;Pteromalinae;Nasonia.
AQRVDLSSTHEDL,424..436,424,12,XP_031997942,Hylobates moloch (silvery gibbon),solute carrier family 17 member 9,436,Eukaryota;Metazoa;Chordata;Craniata;Vertebrata;Euteleostomi;Mammalia;Eutheria;Euarchontoglires;Primates;Haplorrhini;Catarrhini;Hylobatidae;Hylobates.
AQRVDTDSAYIDL,440..452,440,12,XP_032054515,Aythya fuligula (tufted duck),solute carrier family 17 member 9,452,Eukaryota;Metazoa;Chordata;Craniata;Vertebrata;Euteleostomi;Archelosauria;Archosauria;Dinosauria;Saurischia;Theropoda;Coelurosauria;Aves;Neognathae;Galloanserae;Anseriformes;Anatidae;Aythyinae;Aythya.
none,0..0,0,260,XP_032239108,Nematostella vectensis (starlet sea anemone),solute carrier family 17 member 9,260,Eukaryota;Metazoa;Cnidaria;Anthozoa;Hexacorallia;Actiniaria;Edwardsiidae;Nematostella.
AQRVDLSPTREDL,427..439,427,12,XP_032243559,Phoca vitulina (harbor seal),solute carrier family 17 member 9,439,Eukaryota;Metazoa;Chordata;Craniata;Vertebrata;Euteleostomi;Mammalia;Eutheria;Laurasiatheria;Carnivora;Caniformia;Phocidae;Phoca.
ARRVDIDCSKVRHHDIHI,449..466,449,17,XP_032377195,Etheostoma spectabile (orangethroat darter),solute carrier family 17 member 9,466,Eukaryota;Metazoa;Chordata;Craniata;Vertebrata;Euteleostomi;Actinopterygii;Neopterygii;Teleostei;Neoteleostei;Acanthomorphata;Eupercaria;Perciformes;Percoidei;Percidae;Etheostomatinae;Etheostoma.
ARRVDIDSSRVRHHSIHI,449..466,449,17,XP_032432353,Xiphophorus hellerii (green swordtail),solute carrier family 17 member 9,466,Eukaryota;Metazoa;Chordata;Craniata;Vertebrata;Euteleostomi;Actinopterygii;Neopterygii;Teleostei;Neoteleostei;Acanthomorphata;Ovalentaria;Atherinomorphae;Cyprinodontiformes;Poeciliidae;Poeciliinae;Xiphophorus.
AQRVDTDSAYVDL,437..449,437,12,XP_032561052,Chiroxiphia lanceolata (lance-tailed manakin),solute carrier family 17 member 9,449,Eukaryota;Metazoa;Chordata;Craniata;Vertebrata;Euteleostomi;Archelosauria;Archosauria;Dinosauria;Saurischia;Theropoda;Coelurosauria;Aves;Neognathae;Passeriformes;Pipridae;Chiroxiphia.
AQRMDTDSAYVDL,454..466,454,12,XP_032622270,Chelonoidis abingdonii (Abingdon island giant tortoise),solute carrier family 17 member 9,466,Eukaryota;Metazoa;Chordata;Craniata;Vertebrata;Euteleostomi;Archelosauria;Testudines;Cryptodira;Durocryptodira;Testudinoidea;Testudinidae;Chelonoidis.
none,0..0,0,463,XP_032810649,Petromyzon marinus (sea lamprey),solute carrier family 17 member 9,463,Eukaryota;Metazoa;Chordata;Craniata;Vertebrata;Cyclostomata;Hyperoartia;Petromyzontiformes;Petromyzontidae;Petromyzon.
none,0..0,0,450,XP_032897284,Amblyraja radiata (thorny skate),solute carrier family 17 member 9,450,Eukaryota;Metazoa;Chordata;Craniata;Vertebrata;Chondrichthyes;Elasmobranchii;Batoidea;Rajiformes;Rajidae;Amblyraja.
AQRVDTDSVYVDL,434..446,434,12,XP_032931239,Catharus ustulatus (Swainson's thrush),solute carrier family 17 member 9,446,Eukaryota;Metazoa;Chordata;Craniata;Vertebrata;Euteleostomi;Archelosauria;Archosauria;Dinosauria;Saurischia;Theropoda;Coelurosauria;Aves;Neognathae;Passeriformes;Turdidae;Catharus.
AHRVDTDSAFVEL,449..461,449,12,XP_033009602,Lacerta agilis,solute carrier family 17 member 9,461,Eukaryota;Metazoa;Chordata;Craniata;Vertebrata;Euteleostomi;Lepidosauria;Squamata;Bifurcata;Unidentata;Episquamata;Laterata;Lacertibaenia;Lacertidae;Lacerta.
AQRVDLSSTHEDL,424..436,424,12,XP_033042926,Trachypithecus francoisi (Francois's langur),solute carrier family 17 member 9,436,Eukaryota;Metazoa;Chordata;Craniata;Vertebrata;Euteleostomi;Mammalia;Eutheria;Euarchontoglires;Primates;Haplorrhini;Catarrhini;Cercopithecidae;Colobinae;Trachypithecus.
none,0..0,0,438,XP_033150898,Drosophila busckii,solute carrier family 17 member 9,438,Eukaryota;Metazoa;Ecdysozoa;Arthropoda;Hexapoda;Insecta;Pterygota;Neoptera;Holometabola;Diptera;Brachycera;Muscomorpha;Ephydroidea;Drosophilidae;Drosophila.
none,0..0,0,423,XP_033202761,Bombus vancouverensis nearcticus,solute carrier family 17 member 9,423,Eukaryota;Metazoa;Ecdysozoa;Arthropoda;Hexapoda;Insecta;Pterygota;Neoptera;Holometabola;Hymenoptera;Apocrita;Aculeata;Apoidea;Apidae;Bombus;Pyrobombus;Bombusvancouverensis.
none,0..0,0,423,XP_033309895,Bombus bifarius,solute carrier family 17 member 9,423,Eukaryota;Metazoa;Ecdysozoa;Arthropoda;Hexapoda;Insecta;Pterygota;Neoptera;Holometabola;Hymenoptera;Apocrita;Aculeata;Apoidea;Apidae;Bombus;Pyrobombus.
none,0..0,0,425,XP_033341709,Megalopta genalis,solute carrier family 17 member 9,425,Eukaryota;Metazoa;Ecdysozoa;Arthropoda;Hexapoda;Insecta;Pterygota;Neoptera;Holometabola;Hymenoptera;Apocrita;Aculeata;Apoidea;Halictidae;Halictinae;Augochlorini;Megalopta.
none,0..0,0,423,XP_033357337,Bombus vosnesenskii,solute carrier family 17 member 9,423,Eukaryota;Metazoa;Ecdysozoa;Arthropoda;Hexapoda;Insecta;Pterygota;Neoptera;Holometabola;Hymenoptera;Apocrita;Aculeata;Apoidea;Apidae;Bombus;Pyrobombus.
none,0..0,0,438,XP_034099141,Drosophila albomicans,solute carrier family 17 member 9,438,Eukaryota;Metazoa;Ecdysozoa;Arthropoda;Hexapoda;Insecta;Pterygota;Neoptera;Holometabola;Diptera;Brachycera;Muscomorpha;Ephydroidea;Drosophilidae;Drosophila.
none,0..0,0,438,XP_034125848,Drosophila guanche,solute carrier family 17 member 9,438,Eukaryota;Metazoa;Ecdysozoa;Arthropoda;Hexapoda;Insecta;Pterygota;Neoptera;Holometabola;Diptera;Brachycera;Muscomorpha;Ephydroidea;Drosophilidae;Drosophila;Sophophora.
AHRMDLDPAYTDL,458..470,458,12,XP_034297206,Pantherophis guttatus,solute carrier family 17 member 9,470,Eukaryota;Metazoa;Chordata;Craniata;Vertebrata;Euteleostomi;Lepidosauria;Squamata;Bifurcata;Unidentata;Episquamata;Toxicofera;Serpentes;Colubroidea;Colubridae;Colubrinae;Pantherophis.
