V1,V2,V3,V4,V5,V6
EFRKLA,7..12,AAI23751,Bos taurus (cattle),Vesicular glutamate transporter 1 partial,560
DPPVV,48..52,AAI23751,Bos taurus (cattle),Vesicular glutamate transporter 1 partial,560
ETVGLI,114..119,AAI23751,Bos taurus (cattle),Vesicular glutamate transporter 1 partial,560
ERSRLA,202..207,AAI23751,Bos taurus (cattle),Vesicular glutamate transporter 1 partial,560
ESPAL,258..262,AAI23751,Bos taurus (cattle),Vesicular glutamate transporter 1 partial,560
EERKYI,269..274,AAI23751,Bos taurus (cattle),Vesicular glutamate transporter 1 partial,560
ESAKLM,280..285,AAI23751,Bos taurus (cattle),Vesicular glutamate transporter 1 partial,560
EATLLL,388..393,AAI23751,Bos taurus (cattle),Vesicular glutamate transporter 1 partial,560
EEWQYV,466..471,AAI23751,Bos taurus (cattle),Vesicular glutamate transporter 1 partial,560
EKQPWA,493..498,AAI23751,Bos taurus (cattle),Vesicular glutamate transporter 1 partial,560
EKCGFV,506..511,AAI23751,Bos taurus (cattle),Vesicular glutamate transporter 1 partial,560
V1,V2,V3,V4,V5,V6
ESEKLM,13..18,ETE70285,Ophiophagus hannah (king cobra),Vesicular glutamate transporter 1 partial,699
EGDKVI,193..198,ETE70285,Ophiophagus hannah (king cobra),Vesicular glutamate transporter 1 partial,699
ETVGMI,209..214,ETE70285,Ophiophagus hannah (king cobra),Vesicular glutamate transporter 1 partial,699
ERSYA,297..301,ETE70285,Ophiophagus hannah (king cobra),Vesicular glutamate transporter 1 partial,699
EEKKYI,354..359,ETE70285,Ophiophagus hannah (king cobra),Vesicular glutamate transporter 1 partial,699
ESAGLM,365..370,ETE70285,Ophiophagus hannah (king cobra),Vesicular glutamate transporter 1 partial,699
EATLLL,445..450,ETE70285,Ophiophagus hannah (king cobra),Vesicular glutamate transporter 1 partial,699
DEGAF,496..500,ETE70285,Ophiophagus hannah (king cobra),Vesicular glutamate transporter 1 partial,699
EEWQYV,578..583,ETE70285,Ophiophagus hannah (king cobra),Vesicular glutamate transporter 1 partial,699
EKQPWA,605..610,ETE70285,Ophiophagus hannah (king cobra),Vesicular glutamate transporter 1 partial,699
EKCGFI,618..623,ETE70285,Ophiophagus hannah (king cobra),Vesicular glutamate transporter 1 partial,699
EDELA,625..629,ETE70285,Ophiophagus hannah (king cobra),Vesicular glutamate transporter 1 partial,699
EEDEAA,631..636,ETE70285,Ophiophagus hannah (king cobra),Vesicular glutamate transporter 1 partial,699
DSYMY,677..681,ETE70285,Ophiophagus hannah (king cobra),Vesicular glutamate transporter 1 partial,699
V1,V2,V3,V4,V5,V6
EPKEAA,20..25,KXJ22911,Exaiptasia diaphana,Vesicular glutamate transporter 1 partial,567
ERTRLF,209..214,KXJ22911,Exaiptasia diaphana,Vesicular glutamate transporter 1 partial,567
DGGWA,241..245,KXJ22911,Exaiptasia diaphana,Vesicular glutamate transporter 1 partial,567
EEKDYI,279..284,KXJ22911,Exaiptasia diaphana,Vesicular glutamate transporter 1 partial,567
DWGMY,321..325,KXJ22911,Exaiptasia diaphana,Vesicular glutamate transporter 1 partial,567
EWRIVF,472..477,KXJ22911,Exaiptasia diaphana,Vesicular glutamate transporter 1 partial,567
DKQPWA,498..503,KXJ22911,Exaiptasia diaphana,Vesicular glutamate transporter 1 partial,567
DDEAAA,553..558,KXJ22911,Exaiptasia diaphana,Vesicular glutamate transporter 1 partial,567
V1,V2,V3,V4,V5,V6
EFRKLA,7..12,NP_064705,Homo sapiens (human),Vesicular glutamate transporter 1 partial,560
DPPVV,48..52,NP_064705,Homo sapiens (human),Vesicular glutamate transporter 1 partial,560
ETVGLI,114..119,NP_064705,Homo sapiens (human),Vesicular glutamate transporter 1 partial,560
ERSRLA,202..207,NP_064705,Homo sapiens (human),Vesicular glutamate transporter 1 partial,560
ESPAL,258..262,NP_064705,Homo sapiens (human),Vesicular glutamate transporter 1 partial,560
EERKYI,269..274,NP_064705,Homo sapiens (human),Vesicular glutamate transporter 1 partial,560
ESAKLM,280..285,NP_064705,Homo sapiens (human),Vesicular glutamate transporter 1 partial,560
EATLLL,388..393,NP_064705,Homo sapiens (human),Vesicular glutamate transporter 1 partial,560
EEWQYV,466..471,NP_064705,Homo sapiens (human),Vesicular glutamate transporter 1 partial,560
EKQPWA,493..498,NP_064705,Homo sapiens (human),Vesicular glutamate transporter 1 partial,560
EKCGFV,506..511,NP_064705,Homo sapiens (human),Vesicular glutamate transporter 1 partial,560
V1,V2,V3,V4,V5,V6
EFRKLA,7..12,NP_446311,Rattus norvegicus (Norway rat),Vesicular glutamate transporter 1 partial,560
DPPVV,48..52,NP_446311,Rattus norvegicus (Norway rat),Vesicular glutamate transporter 1 partial,560
ETVGLI,114..119,NP_446311,Rattus norvegicus (Norway rat),Vesicular glutamate transporter 1 partial,560
ERSRLA,202..207,NP_446311,Rattus norvegicus (Norway rat),Vesicular glutamate transporter 1 partial,560
ESPAL,258..262,NP_446311,Rattus norvegicus (Norway rat),Vesicular glutamate transporter 1 partial,560
EERKYI,269..274,NP_446311,Rattus norvegicus (Norway rat),Vesicular glutamate transporter 1 partial,560
ESAKLM,280..285,NP_446311,Rattus norvegicus (Norway rat),Vesicular glutamate transporter 1 partial,560
EATLLL,388..393,NP_446311,Rattus norvegicus (Norway rat),Vesicular glutamate transporter 1 partial,560
EEWQYV,466..471,NP_446311,Rattus norvegicus (Norway rat),Vesicular glutamate transporter 1 partial,560
EKQPWA,493..498,NP_446311,Rattus norvegicus (Norway rat),Vesicular glutamate transporter 1 partial,560
EKCGFV,506..511,NP_446311,Rattus norvegicus (Norway rat),Vesicular glutamate transporter 1 partial,560
V1,V2,V3,V4,V5,V6
EFRKLA,7..12,NP_892038,Mus musculus (house mouse),Vesicular glutamate transporter 1 partial,560
DPPVV,48..52,NP_892038,Mus musculus (house mouse),Vesicular glutamate transporter 1 partial,560
ETVGLI,114..119,NP_892038,Mus musculus (house mouse),Vesicular glutamate transporter 1 partial,560
ERSRLA,202..207,NP_892038,Mus musculus (house mouse),Vesicular glutamate transporter 1 partial,560
ESPAL,258..262,NP_892038,Mus musculus (house mouse),Vesicular glutamate transporter 1 partial,560
EERKYI,269..274,NP_892038,Mus musculus (house mouse),Vesicular glutamate transporter 1 partial,560
ESAKLM,280..285,NP_892038,Mus musculus (house mouse),Vesicular glutamate transporter 1 partial,560
EATLLL,388..393,NP_892038,Mus musculus (house mouse),Vesicular glutamate transporter 1 partial,560
EEWQYV,466..471,NP_892038,Mus musculus (house mouse),Vesicular glutamate transporter 1 partial,560
EKQPWA,493..498,NP_892038,Mus musculus (house mouse),Vesicular glutamate transporter 1 partial,560
EKCGFV,506..511,NP_892038,Mus musculus (house mouse),Vesicular glutamate transporter 1 partial,560
V1,V2,V3,V4,V5,V6
EFKKLA,7..12,NP_001085081,Xenopus laevis (African clawed frog),Vesicular glutamate transporter 1 partial,576
EGQPVV,38..43,NP_001085081,Xenopus laevis (African clawed frog),Vesicular glutamate transporter 1 partial,576
ETVGMI,114..119,NP_001085081,Xenopus laevis (African clawed frog),Vesicular glutamate transporter 1 partial,576
ERSRLA,202..207,NP_001085081,Xenopus laevis (African clawed frog),Vesicular glutamate transporter 1 partial,576
EERKYI,269..274,NP_001085081,Xenopus laevis (African clawed frog),Vesicular glutamate transporter 1 partial,576
ESTGFM,280..285,NP_001085081,Xenopus laevis (African clawed frog),Vesicular glutamate transporter 1 partial,576
EVFGFA,331..336,NP_001085081,Xenopus laevis (African clawed frog),Vesicular glutamate transporter 1 partial,576
EATLLL,388..393,NP_001085081,Xenopus laevis (African clawed frog),Vesicular glutamate transporter 1 partial,576
EEWQYV,466..471,NP_001085081,Xenopus laevis (African clawed frog),Vesicular glutamate transporter 1 partial,576
EKQPWA,493..498,NP_001085081,Xenopus laevis (African clawed frog),Vesicular glutamate transporter 1 partial,576
EKCGFI,506..511,NP_001085081,Xenopus laevis (African clawed frog),Vesicular glutamate transporter 1 partial,576
EDELA,513..517,NP_001085081,Xenopus laevis (African clawed frog),Vesicular glutamate transporter 1 partial,576
DPYLY,563..567,NP_001085081,Xenopus laevis (African clawed frog),Vesicular glutamate transporter 1 partial,576
V1,V2,V3,V4,V5,V6
ELPIV,48..52,NP_001092225,Danio rerio (zebrafish),Vesicular glutamate transporter 1 partial,582
DHTVY,93..97,NP_001092225,Danio rerio (zebrafish),Vesicular glutamate transporter 1 partial,582
ETVGMI,114..119,NP_001092225,Danio rerio (zebrafish),Vesicular glutamate transporter 1 partial,582
ERSRLA,202..207,NP_001092225,Danio rerio (zebrafish),Vesicular glutamate transporter 1 partial,582
ESPAA,258..262,NP_001092225,Danio rerio (zebrafish),Vesicular glutamate transporter 1 partial,582
EERKYI,269..274,NP_001092225,Danio rerio (zebrafish),Vesicular glutamate transporter 1 partial,582
ESAGLV,280..285,NP_001092225,Danio rerio (zebrafish),Vesicular glutamate transporter 1 partial,582
EATLLL,388..393,NP_001092225,Danio rerio (zebrafish),Vesicular glutamate transporter 1 partial,582
EEWQYV,466..471,NP_001092225,Danio rerio (zebrafish),Vesicular glutamate transporter 1 partial,582
EKQPWA,493..498,NP_001092225,Danio rerio (zebrafish),Vesicular glutamate transporter 1 partial,582
EKCGIL,506..511,NP_001092225,Danio rerio (zebrafish),Vesicular glutamate transporter 1 partial,582
EDELA,513..517,NP_001092225,Danio rerio (zebrafish),Vesicular glutamate transporter 1 partial,582
ETEELY,519..524,NP_001092225,Danio rerio (zebrafish),Vesicular glutamate transporter 1 partial,582
V1,V2,V3,V4,V5,V6
EFRKLA,7..12,XP_003814372,Pan paniscus (pygmy chimpanzee),Vesicular glutamate transporter 1 partial,560
DPPVV,48..52,XP_003814372,Pan paniscus (pygmy chimpanzee),Vesicular glutamate transporter 1 partial,560
ETVGLI,114..119,XP_003814372,Pan paniscus (pygmy chimpanzee),Vesicular glutamate transporter 1 partial,560
ERSRLA,202..207,XP_003814372,Pan paniscus (pygmy chimpanzee),Vesicular glutamate transporter 1 partial,560
ESPAL,258..262,XP_003814372,Pan paniscus (pygmy chimpanzee),Vesicular glutamate transporter 1 partial,560
EERKYI,269..274,XP_003814372,Pan paniscus (pygmy chimpanzee),Vesicular glutamate transporter 1 partial,560
ESAKLM,280..285,XP_003814372,Pan paniscus (pygmy chimpanzee),Vesicular glutamate transporter 1 partial,560
EATLLL,388..393,XP_003814372,Pan paniscus (pygmy chimpanzee),Vesicular glutamate transporter 1 partial,560
EEWQYV,466..471,XP_003814372,Pan paniscus (pygmy chimpanzee),Vesicular glutamate transporter 1 partial,560
EKQPWA,493..498,XP_003814372,Pan paniscus (pygmy chimpanzee),Vesicular glutamate transporter 1 partial,560
EKCGFV,506..511,XP_003814372,Pan paniscus (pygmy chimpanzee),Vesicular glutamate transporter 1 partial,560
V1,V2,V3,V4,V5,V6
ETVGMI,112..117,XP_015471844,Parus major (Great Tit),Vesicular glutamate transporter 1 partial,558
ERSRLA,200..205,XP_015471844,Parus major (Great Tit),Vesicular glutamate transporter 1 partial,558
EERKYI,267..272,XP_015471844,Parus major (Great Tit),Vesicular glutamate transporter 1 partial,558
ESVGMA,278..283,XP_015471844,Parus major (Great Tit),Vesicular glutamate transporter 1 partial,558
EATLLL,386..391,XP_015471844,Parus major (Great Tit),Vesicular glutamate transporter 1 partial,558
EEWQWV,464..469,XP_015471844,Parus major (Great Tit),Vesicular glutamate transporter 1 partial,558
EPQPWA,491..496,XP_015471844,Parus major (Great Tit),Vesicular glutamate transporter 1 partial,558
EAEPLA,502..507,XP_015471844,Parus major (Great Tit),Vesicular glutamate transporter 1 partial,558
V1,V2,V3,V4,V5,V6
EFRKLA,71..76,XP_027276466,Cricetulus griseus (Chinese hamster),Vesicular glutamate transporter 1 partial,624
DPPVV,112..116,XP_027276466,Cricetulus griseus (Chinese hamster),Vesicular glutamate transporter 1 partial,624
ETVGLI,178..183,XP_027276466,Cricetulus griseus (Chinese hamster),Vesicular glutamate transporter 1 partial,624
ERSRLA,266..271,XP_027276466,Cricetulus griseus (Chinese hamster),Vesicular glutamate transporter 1 partial,624
ESPAL,322..326,XP_027276466,Cricetulus griseus (Chinese hamster),Vesicular glutamate transporter 1 partial,624
EERKYI,333..338,XP_027276466,Cricetulus griseus (Chinese hamster),Vesicular glutamate transporter 1 partial,624
ESAKLM,344..349,XP_027276466,Cricetulus griseus (Chinese hamster),Vesicular glutamate transporter 1 partial,624
EATLLL,452..457,XP_027276466,Cricetulus griseus (Chinese hamster),Vesicular glutamate transporter 1 partial,624
EEWQYV,530..535,XP_027276466,Cricetulus griseus (Chinese hamster),Vesicular glutamate transporter 1 partial,624
EKQPWA,557..562,XP_027276466,Cricetulus griseus (Chinese hamster),Vesicular glutamate transporter 1 partial,624
EKCGFV,570..575,XP_027276466,Cricetulus griseus (Chinese hamster),Vesicular glutamate transporter 1 partial,624
V1,V2,V3,V4,V5,V6
EFRKLA,7..12,XP_027776248,Marmota flaviventris (yellow-bellied marmot),Vesicular glutamate transporter 1 partial,560
DPPVV,48..52,XP_027776248,Marmota flaviventris (yellow-bellied marmot),Vesicular glutamate transporter 1 partial,560
ETVGLI,114..119,XP_027776248,Marmota flaviventris (yellow-bellied marmot),Vesicular glutamate transporter 1 partial,560
ERSRLA,202..207,XP_027776248,Marmota flaviventris (yellow-bellied marmot),Vesicular glutamate transporter 1 partial,560
ESPAL,258..262,XP_027776248,Marmota flaviventris (yellow-bellied marmot),Vesicular glutamate transporter 1 partial,560
EERKYI,269..274,XP_027776248,Marmota flaviventris (yellow-bellied marmot),Vesicular glutamate transporter 1 partial,560
ESAKLM,280..285,XP_027776248,Marmota flaviventris (yellow-bellied marmot),Vesicular glutamate transporter 1 partial,560
EATLLL,388..393,XP_027776248,Marmota flaviventris (yellow-bellied marmot),Vesicular glutamate transporter 1 partial,560
EEWQYV,466..471,XP_027776248,Marmota flaviventris (yellow-bellied marmot),Vesicular glutamate transporter 1 partial,560
EKQPWA,493..498,XP_027776248,Marmota flaviventris (yellow-bellied marmot),Vesicular glutamate transporter 1 partial,560
EKCGFV,506..511,XP_027776248,Marmota flaviventris (yellow-bellied marmot),Vesicular glutamate transporter 1 partial,560
V1,V2,V3,V4,V5,V6
EFRRVV,7..12,XP_030330199,Strigops habroptila (Kakapo),Vesicular glutamate transporter 1 partial,563
ETVGMI,114..119,XP_030330199,Strigops habroptila (Kakapo),Vesicular glutamate transporter 1 partial,563
ERSRLA,202..207,XP_030330199,Strigops habroptila (Kakapo),Vesicular glutamate transporter 1 partial,563
ERKYI,270..274,XP_030330199,Strigops habroptila (Kakapo),Vesicular glutamate transporter 1 partial,563
EATLLL,385..390,XP_030330199,Strigops habroptila (Kakapo),Vesicular glutamate transporter 1 partial,563
EEWQWV,463..468,XP_030330199,Strigops habroptila (Kakapo),Vesicular glutamate transporter 1 partial,563
EPQWWA,490..495,XP_030330199,Strigops habroptila (Kakapo),Vesicular glutamate transporter 1 partial,563
EAEPLA,501..506,XP_030330199,Strigops habroptila (Kakapo),Vesicular glutamate transporter 1 partial,563
V1,V2,V3,V4,V5,V6
EFRKLA,7..12,XP_032120524,Sapajus apella (Tufted capuchin),Vesicular glutamate transporter 1 partial,560
DPPVV,48..52,XP_032120524,Sapajus apella (Tufted capuchin),Vesicular glutamate transporter 1 partial,560
ETVGLI,114..119,XP_032120524,Sapajus apella (Tufted capuchin),Vesicular glutamate transporter 1 partial,560
ERSRLA,202..207,XP_032120524,Sapajus apella (Tufted capuchin),Vesicular glutamate transporter 1 partial,560
ESPAL,258..262,XP_032120524,Sapajus apella (Tufted capuchin),Vesicular glutamate transporter 1 partial,560
EERKYI,269..274,XP_032120524,Sapajus apella (Tufted capuchin),Vesicular glutamate transporter 1 partial,560
ESAKLM,280..285,XP_032120524,Sapajus apella (Tufted capuchin),Vesicular glutamate transporter 1 partial,560
EATLLL,388..393,XP_032120524,Sapajus apella (Tufted capuchin),Vesicular glutamate transporter 1 partial,560
EEWQYV,466..471,XP_032120524,Sapajus apella (Tufted capuchin),Vesicular glutamate transporter 1 partial,560
EKQPWA,493..498,XP_032120524,Sapajus apella (Tufted capuchin),Vesicular glutamate transporter 1 partial,560
EKCGFV,506..511,XP_032120524,Sapajus apella (Tufted capuchin),Vesicular glutamate transporter 1 partial,560
V1,V2,V3,V4,V5,V6
EFRKLA,7..12,XP_032179129,Mustela erminea (ermine),Vesicular glutamate transporter 1 partial,560
DPPVV,48..52,XP_032179129,Mustela erminea (ermine),Vesicular glutamate transporter 1 partial,560
ETVGLI,114..119,XP_032179129,Mustela erminea (ermine),Vesicular glutamate transporter 1 partial,560
ERSRLA,202..207,XP_032179129,Mustela erminea (ermine),Vesicular glutamate transporter 1 partial,560
ESPAL,258..262,XP_032179129,Mustela erminea (ermine),Vesicular glutamate transporter 1 partial,560
EERKYI,269..274,XP_032179129,Mustela erminea (ermine),Vesicular glutamate transporter 1 partial,560
ESAKLM,280..285,XP_032179129,Mustela erminea (ermine),Vesicular glutamate transporter 1 partial,560
EATLLL,388..393,XP_032179129,Mustela erminea (ermine),Vesicular glutamate transporter 1 partial,560
EEWQYV,466..471,XP_032179129,Mustela erminea (ermine),Vesicular glutamate transporter 1 partial,560
EKQPWA,493..498,XP_032179129,Mustela erminea (ermine),Vesicular glutamate transporter 1 partial,560
EKCGFV,506..511,XP_032179129,Mustela erminea (ermine),Vesicular glutamate transporter 1 partial,560
V1,V2,V3,V4,V5,V6
EFRKLA,7..12,XP_032341433,Camelus ferus (Wild Bactrian camel),Vesicular glutamate transporter 1 partial,560
DPPVV,48..52,XP_032341433,Camelus ferus (Wild Bactrian camel),Vesicular glutamate transporter 1 partial,560
ETVGLI,114..119,XP_032341433,Camelus ferus (Wild Bactrian camel),Vesicular glutamate transporter 1 partial,560
ERSRLA,202..207,XP_032341433,Camelus ferus (Wild Bactrian camel),Vesicular glutamate transporter 1 partial,560
ESPAL,258..262,XP_032341433,Camelus ferus (Wild Bactrian camel),Vesicular glutamate transporter 1 partial,560
EERKYI,269..274,XP_032341433,Camelus ferus (Wild Bactrian camel),Vesicular glutamate transporter 1 partial,560
ESAKLM,280..285,XP_032341433,Camelus ferus (Wild Bactrian camel),Vesicular glutamate transporter 1 partial,560
EATLLL,388..393,XP_032341433,Camelus ferus (Wild Bactrian camel),Vesicular glutamate transporter 1 partial,560
EEWQYV,466..471,XP_032341433,Camelus ferus (Wild Bactrian camel),Vesicular glutamate transporter 1 partial,560
EKQPWA,493..498,XP_032341433,Camelus ferus (Wild Bactrian camel),Vesicular glutamate transporter 1 partial,560
EKCGFV,506..511,XP_032341433,Camelus ferus (Wild Bactrian camel),Vesicular glutamate transporter 1 partial,560
V1,V2,V3,V4,V5,V6
EFRKLA,7..12,XP_032469515,Phocoena sinus (vaquita),Vesicular glutamate transporter 1 partial,560
DPPVV,48..52,XP_032469515,Phocoena sinus (vaquita),Vesicular glutamate transporter 1 partial,560
ETVGLI,114..119,XP_032469515,Phocoena sinus (vaquita),Vesicular glutamate transporter 1 partial,560
ERSRLA,202..207,XP_032469515,Phocoena sinus (vaquita),Vesicular glutamate transporter 1 partial,560
ESPAL,258..262,XP_032469515,Phocoena sinus (vaquita),Vesicular glutamate transporter 1 partial,560
EERKYI,269..274,XP_032469515,Phocoena sinus (vaquita),Vesicular glutamate transporter 1 partial,560
ESAKLM,280..285,XP_032469515,Phocoena sinus (vaquita),Vesicular glutamate transporter 1 partial,560
EATLLL,388..393,XP_032469515,Phocoena sinus (vaquita),Vesicular glutamate transporter 1 partial,560
EEWQYV,466..471,XP_032469515,Phocoena sinus (vaquita),Vesicular glutamate transporter 1 partial,560
EKQPWA,493..498,XP_032469515,Phocoena sinus (vaquita),Vesicular glutamate transporter 1 partial,560
EKCGFV,506..511,XP_032469515,Phocoena sinus (vaquita),Vesicular glutamate transporter 1 partial,560
V1,V2,V3,V4,V5,V6
EGRAV,38..42,XP_032662363,Chelonoidis abingdonii (Abingdon island giant tortoise),Vesicular glutamate transporter 1 partial,559
DKVVV,100..104,XP_032662363,Chelonoidis abingdonii (Abingdon island giant tortoise),Vesicular glutamate transporter 1 partial,559
ETVGMI,114..119,XP_032662363,Chelonoidis abingdonii (Abingdon island giant tortoise),Vesicular glutamate transporter 1 partial,559
ERSRLA,202..207,XP_032662363,Chelonoidis abingdonii (Abingdon island giant tortoise),Vesicular glutamate transporter 1 partial,559
EERRYI,269..274,XP_032662363,Chelonoidis abingdonii (Abingdon island giant tortoise),Vesicular glutamate transporter 1 partial,559
ESASLM,280..285,XP_032662363,Chelonoidis abingdonii (Abingdon island giant tortoise),Vesicular glutamate transporter 1 partial,559
EATLLL,388..393,XP_032662363,Chelonoidis abingdonii (Abingdon island giant tortoise),Vesicular glutamate transporter 1 partial,559
EKQPWA,472..477,XP_032662363,Chelonoidis abingdonii (Abingdon island giant tortoise),Vesicular glutamate transporter 1 partial,559
EKCGFI,485..490,XP_032662363,Chelonoidis abingdonii (Abingdon island giant tortoise),Vesicular glutamate transporter 1 partial,559
EDELA,492..496,XP_032662363,Chelonoidis abingdonii (Abingdon island giant tortoise),Vesicular glutamate transporter 1 partial,559
EEDEAA,498..503,XP_032662363,Chelonoidis abingdonii (Abingdon island giant tortoise),Vesicular glutamate transporter 1 partial,559
DTYMY,546..550,XP_032662363,Chelonoidis abingdonii (Abingdon island giant tortoise),Vesicular glutamate transporter 1 partial,559
V1,V2,V3,V4,V5,V6
EFRKLA,7..12,XP_032695116,Lontra canadensis (Northern American river otter),Vesicular glutamate transporter 1 partial,560
DPPVV,48..52,XP_032695116,Lontra canadensis (Northern American river otter),Vesicular glutamate transporter 1 partial,560
ETVGLI,114..119,XP_032695116,Lontra canadensis (Northern American river otter),Vesicular glutamate transporter 1 partial,560
ERSRLA,202..207,XP_032695116,Lontra canadensis (Northern American river otter),Vesicular glutamate transporter 1 partial,560
ESPAL,258..262,XP_032695116,Lontra canadensis (Northern American river otter),Vesicular glutamate transporter 1 partial,560
EERKYI,269..274,XP_032695116,Lontra canadensis (Northern American river otter),Vesicular glutamate transporter 1 partial,560
ESAKLM,280..285,XP_032695116,Lontra canadensis (Northern American river otter),Vesicular glutamate transporter 1 partial,560
EATLLL,388..393,XP_032695116,Lontra canadensis (Northern American river otter),Vesicular glutamate transporter 1 partial,560
EEWQYV,466..471,XP_032695116,Lontra canadensis (Northern American river otter),Vesicular glutamate transporter 1 partial,560
EKQPWA,493..498,XP_032695116,Lontra canadensis (Northern American river otter),Vesicular glutamate transporter 1 partial,560
EKCGFV,506..511,XP_032695116,Lontra canadensis (Northern American river otter),Vesicular glutamate transporter 1 partial,560
V1,V2,V3,V4,V5,V6
EEGRVV,37..42,XP_032869194,Amblyraja radiata (thorny skate),Vesicular glutamate transporter 1 partial,573
EKAIF,105..109,XP_032869194,Amblyraja radiata (thorny skate),Vesicular glutamate transporter 1 partial,573
ETVGMI,114..119,XP_032869194,Amblyraja radiata (thorny skate),Vesicular glutamate transporter 1 partial,573
ERSRLA,202..207,XP_032869194,Amblyraja radiata (thorny skate),Vesicular glutamate transporter 1 partial,573
EEKTYI,269..274,XP_032869194,Amblyraja radiata (thorny skate),Vesicular glutamate transporter 1 partial,573
EGGNLM,280..285,XP_032869194,Amblyraja radiata (thorny skate),Vesicular glutamate transporter 1 partial,573
EATFLL,388..393,XP_032869194,Amblyraja radiata (thorny skate),Vesicular glutamate transporter 1 partial,573
EEWQYV,466..471,XP_032869194,Amblyraja radiata (thorny skate),Vesicular glutamate transporter 1 partial,573
EQQPWA,493..498,XP_032869194,Amblyraja radiata (thorny skate),Vesicular glutamate transporter 1 partial,573
EKCGFI,506..511,XP_032869194,Amblyraja radiata (thorny skate),Vesicular glutamate transporter 1 partial,573
EDELA,513..517,XP_032869194,Amblyraja radiata (thorny skate),Vesicular glutamate transporter 1 partial,573
EGKDVY,557..562,XP_032869194,Amblyraja radiata (thorny skate),Vesicular glutamate transporter 1 partial,573
V1,V2,V3,V4,V5,V6
ELRKFA,7..12,XP_033026463,Lacerta agilis,Vesicular glutamate transporter 1 partial,582
DKPVV,100..104,XP_033026463,Lacerta agilis,Vesicular glutamate transporter 1 partial,582
ETVGMI,114..119,XP_033026463,Lacerta agilis,Vesicular glutamate transporter 1 partial,582
ERSRLA,202..207,XP_033026463,Lacerta agilis,Vesicular glutamate transporter 1 partial,582
EERKYI,269..274,XP_033026463,Lacerta agilis,Vesicular glutamate transporter 1 partial,582
ESASLM,280..285,XP_033026463,Lacerta agilis,Vesicular glutamate transporter 1 partial,582
EATLLL,388..393,XP_033026463,Lacerta agilis,Vesicular glutamate transporter 1 partial,582
EEWQYV,466..471,XP_033026463,Lacerta agilis,Vesicular glutamate transporter 1 partial,582
EKQPWA,493..498,XP_033026463,Lacerta agilis,Vesicular glutamate transporter 1 partial,582
EKCGFI,506..511,XP_033026463,Lacerta agilis,Vesicular glutamate transporter 1 partial,582
EDELA,513..517,XP_033026463,Lacerta agilis,Vesicular glutamate transporter 1 partial,582
EEDEAA,519..524,XP_033026463,Lacerta agilis,Vesicular glutamate transporter 1 partial,582
DSYMY,569..573,XP_033026463,Lacerta agilis,Vesicular glutamate transporter 1 partial,582
V1,V2,V3,V4,V5,V6
DPPVV,42..46,XP_033286357,Orcinus orca (killer whale),Vesicular glutamate transporter 1 partial,554
ETVGLI,108..113,XP_033286357,Orcinus orca (killer whale),Vesicular glutamate transporter 1 partial,554
ERSRLA,196..201,XP_033286357,Orcinus orca (killer whale),Vesicular glutamate transporter 1 partial,554
ESPAL,252..256,XP_033286357,Orcinus orca (killer whale),Vesicular glutamate transporter 1 partial,554
EERKYI,263..268,XP_033286357,Orcinus orca (killer whale),Vesicular glutamate transporter 1 partial,554
ESAKLM,274..279,XP_033286357,Orcinus orca (killer whale),Vesicular glutamate transporter 1 partial,554
EATLLL,382..387,XP_033286357,Orcinus orca (killer whale),Vesicular glutamate transporter 1 partial,554
EEWQYV,460..465,XP_033286357,Orcinus orca (killer whale),Vesicular glutamate transporter 1 partial,554
EKQPWA,487..492,XP_033286357,Orcinus orca (killer whale),Vesicular glutamate transporter 1 partial,554
EKCGFV,500..505,XP_033286357,Orcinus orca (killer whale),Vesicular glutamate transporter 1 partial,554
V1,V2,V3,V4,V5,V6
ETVGLI,47..52,XP_033286360,Orcinus orca (killer whale),Vesicular glutamate transporter 1 partial,493
ERSRLA,135..140,XP_033286360,Orcinus orca (killer whale),Vesicular glutamate transporter 1 partial,493
ESPAL,191..195,XP_033286360,Orcinus orca (killer whale),Vesicular glutamate transporter 1 partial,493
EERKYI,202..207,XP_033286360,Orcinus orca (killer whale),Vesicular glutamate transporter 1 partial,493
ESAKLM,213..218,XP_033286360,Orcinus orca (killer whale),Vesicular glutamate transporter 1 partial,493
EATLLL,321..326,XP_033286360,Orcinus orca (killer whale),Vesicular glutamate transporter 1 partial,493
EEWQYV,399..404,XP_033286360,Orcinus orca (killer whale),Vesicular glutamate transporter 1 partial,493
EKQPWA,426..431,XP_033286360,Orcinus orca (killer whale),Vesicular glutamate transporter 1 partial,493
EKCGFV,439..444,XP_033286360,Orcinus orca (killer whale),Vesicular glutamate transporter 1 partial,493
V1,V2,V3,V4,V5,V6
DSCVA,2..6,XP_033621776,Fukomys damarensis (Damara mole-rat),Vesicular glutamate transporter 1 partial,559
EWSGFL,71..76,XP_033621776,Fukomys damarensis (Damara mole-rat),Vesicular glutamate transporter 1 partial,559
ESPVLL,108..113,XP_033621776,Fukomys damarensis (Damara mole-rat),Vesicular glutamate transporter 1 partial,559
DSWRIY,134..139,XP_033621776,Fukomys damarensis (Damara mole-rat),Vesicular glutamate transporter 1 partial,559
ERSRLA,201..206,XP_033621776,Fukomys damarensis (Damara mole-rat),Vesicular glutamate transporter 1 partial,559
ESPAL,257..261,XP_033621776,Fukomys damarensis (Damara mole-rat),Vesicular glutamate transporter 1 partial,559
EERKYI,268..273,XP_033621776,Fukomys damarensis (Damara mole-rat),Vesicular glutamate transporter 1 partial,559
ESAKLM,279..284,XP_033621776,Fukomys damarensis (Damara mole-rat),Vesicular glutamate transporter 1 partial,559
EATLLL,387..392,XP_033621776,Fukomys damarensis (Damara mole-rat),Vesicular glutamate transporter 1 partial,559
EEWQYV,465..470,XP_033621776,Fukomys damarensis (Damara mole-rat),Vesicular glutamate transporter 1 partial,559
EKQPWA,492..497,XP_033621776,Fukomys damarensis (Damara mole-rat),Vesicular glutamate transporter 1 partial,559
EKCGFV,505..510,XP_033621776,Fukomys damarensis (Damara mole-rat),Vesicular glutamate transporter 1 partial,559
V1,V2,V3,V4,V5,V6
ETVGMI,129..134,XP_033818297,Geotrypetes seraphini,Vesicular glutamate transporter 1 partial,597
ERSRLA,217..222,XP_033818297,Geotrypetes seraphini,Vesicular glutamate transporter 1 partial,597
EERKYI,284..289,XP_033818297,Geotrypetes seraphini,Vesicular glutamate transporter 1 partial,597
ESTTFM,295..300,XP_033818297,Geotrypetes seraphini,Vesicular glutamate transporter 1 partial,597
EVFGFA,346..351,XP_033818297,Geotrypetes seraphini,Vesicular glutamate transporter 1 partial,597
EATLLL,403..408,XP_033818297,Geotrypetes seraphini,Vesicular glutamate transporter 1 partial,597
EEWQYV,481..486,XP_033818297,Geotrypetes seraphini,Vesicular glutamate transporter 1 partial,597
EKQPWA,508..513,XP_033818297,Geotrypetes seraphini,Vesicular glutamate transporter 1 partial,597
EKCGFI,521..526,XP_033818297,Geotrypetes seraphini,Vesicular glutamate transporter 1 partial,597
EDELA,528..532,XP_033818297,Geotrypetes seraphini,Vesicular glutamate transporter 1 partial,597
EDEPAA,536..541,XP_033818297,Geotrypetes seraphini,Vesicular glutamate transporter 1 partial,597
DPYLY,584..588,XP_033818297,Geotrypetes seraphini,Vesicular glutamate transporter 1 partial,597
V1,V2,V3,V4,V5,V6
EFKKLA,7..12,XP_034279153,Pantherophis guttatus,Vesicular glutamate transporter 1 partial,578
EGDKVI,98..103,XP_034279153,Pantherophis guttatus,Vesicular glutamate transporter 1 partial,578
ETVGMI,114..119,XP_034279153,Pantherophis guttatus,Vesicular glutamate transporter 1 partial,578
ERSRLA,202..207,XP_034279153,Pantherophis guttatus,Vesicular glutamate transporter 1 partial,578
EEKKYI,269..274,XP_034279153,Pantherophis guttatus,Vesicular glutamate transporter 1 partial,578
ESASLM,280..285,XP_034279153,Pantherophis guttatus,Vesicular glutamate transporter 1 partial,578
EATLLL,388..393,XP_034279153,Pantherophis guttatus,Vesicular glutamate transporter 1 partial,578
EEWQYV,466..471,XP_034279153,Pantherophis guttatus,Vesicular glutamate transporter 1 partial,578
EKQPWA,493..498,XP_034279153,Pantherophis guttatus,Vesicular glutamate transporter 1 partial,578
EKCGFI,506..511,XP_034279153,Pantherophis guttatus,Vesicular glutamate transporter 1 partial,578
EDELA,513..517,XP_034279153,Pantherophis guttatus,Vesicular glutamate transporter 1 partial,578
EEDEAA,519..524,XP_034279153,Pantherophis guttatus,Vesicular glutamate transporter 1 partial,578
DSYMY,565..569,XP_034279153,Pantherophis guttatus,Vesicular glutamate transporter 1 partial,578
V1,V2,V3,V4,V5,V6
ELRKFA,7..12,XP_034991697,Zootoca vivipara (common lizard),Vesicular glutamate transporter 1 partial,583
EGDKLI,98..103,XP_034991697,Zootoca vivipara (common lizard),Vesicular glutamate transporter 1 partial,583
ETVGMI,114..119,XP_034991697,Zootoca vivipara (common lizard),Vesicular glutamate transporter 1 partial,583
ERSRLA,202..207,XP_034991697,Zootoca vivipara (common lizard),Vesicular glutamate transporter 1 partial,583
EERKYI,269..274,XP_034991697,Zootoca vivipara (common lizard),Vesicular glutamate transporter 1 partial,583
ESASLM,280..285,XP_034991697,Zootoca vivipara (common lizard),Vesicular glutamate transporter 1 partial,583
EATLLL,388..393,XP_034991697,Zootoca vivipara (common lizard),Vesicular glutamate transporter 1 partial,583
EEWQYV,466..471,XP_034991697,Zootoca vivipara (common lizard),Vesicular glutamate transporter 1 partial,583
EKQPWA,493..498,XP_034991697,Zootoca vivipara (common lizard),Vesicular glutamate transporter 1 partial,583
EKCGFI,506..511,XP_034991697,Zootoca vivipara (common lizard),Vesicular glutamate transporter 1 partial,583
EDELA,513..517,XP_034991697,Zootoca vivipara (common lizard),Vesicular glutamate transporter 1 partial,583
EEDEAA,519..524,XP_034991697,Zootoca vivipara (common lizard),Vesicular glutamate transporter 1 partial,583
DSYMY,570..574,XP_034991697,Zootoca vivipara (common lizard),Vesicular glutamate transporter 1 partial,583
V1,V2,V3,V4,V5,V6
EFRKLA,7..12,XP_035143300,Callithrix jacchus (white-tufted-ear marmoset),Vesicular glutamate transporter 1 partial,560
DPPVV,48..52,XP_035143300,Callithrix jacchus (white-tufted-ear marmoset),Vesicular glutamate transporter 1 partial,560
ETVGLI,114..119,XP_035143300,Callithrix jacchus (white-tufted-ear marmoset),Vesicular glutamate transporter 1 partial,560
ERSRLA,202..207,XP_035143300,Callithrix jacchus (white-tufted-ear marmoset),Vesicular glutamate transporter 1 partial,560
ESPAL,258..262,XP_035143300,Callithrix jacchus (white-tufted-ear marmoset),Vesicular glutamate transporter 1 partial,560
EERKYI,269..274,XP_035143300,Callithrix jacchus (white-tufted-ear marmoset),Vesicular glutamate transporter 1 partial,560
ESAKLM,280..285,XP_035143300,Callithrix jacchus (white-tufted-ear marmoset),Vesicular glutamate transporter 1 partial,560
EATLLL,388..393,XP_035143300,Callithrix jacchus (white-tufted-ear marmoset),Vesicular glutamate transporter 1 partial,560
EEWQYV,466..471,XP_035143300,Callithrix jacchus (white-tufted-ear marmoset),Vesicular glutamate transporter 1 partial,560
EKQPWA,493..498,XP_035143300,Callithrix jacchus (white-tufted-ear marmoset),Vesicular glutamate transporter 1 partial,560
EKCGFV,506..511,XP_035143300,Callithrix jacchus (white-tufted-ear marmoset),Vesicular glutamate transporter 1 partial,560
V1,V2,V3,V4,V5,V6
ETVGLI,47..52,XP_035143301,Callithrix jacchus (white-tufted-ear marmoset),Vesicular glutamate transporter 1 partial,493
ERSRLA,135..140,XP_035143301,Callithrix jacchus (white-tufted-ear marmoset),Vesicular glutamate transporter 1 partial,493
ESPAL,191..195,XP_035143301,Callithrix jacchus (white-tufted-ear marmoset),Vesicular glutamate transporter 1 partial,493
EERKYI,202..207,XP_035143301,Callithrix jacchus (white-tufted-ear marmoset),Vesicular glutamate transporter 1 partial,493
ESAKLM,213..218,XP_035143301,Callithrix jacchus (white-tufted-ear marmoset),Vesicular glutamate transporter 1 partial,493
EATLLL,321..326,XP_035143301,Callithrix jacchus (white-tufted-ear marmoset),Vesicular glutamate transporter 1 partial,493
EEWQYV,399..404,XP_035143301,Callithrix jacchus (white-tufted-ear marmoset),Vesicular glutamate transporter 1 partial,493
EKQPWA,426..431,XP_035143301,Callithrix jacchus (white-tufted-ear marmoset),Vesicular glutamate transporter 1 partial,493
EKCGFV,439..444,XP_035143301,Callithrix jacchus (white-tufted-ear marmoset),Vesicular glutamate transporter 1 partial,493
ss,sn,,,,
none,0..0,NA,Genus species,sequence definition,1
